FMISID,area,yday,n_days,Tavg30
100974,KAR,1,30,-3.0066666666666664
100974,KAR,2,30,-3.9366666666666665
100974,KAR,3,30,-4.086666666666667
100974,KAR,4,30,-3.333333333333333
100974,KAR,5,30,-4.236666666666666
100974,KAR,6,30,-4.376666666666667
100974,KAR,7,30,-3.043333333333333
100974,KAR,8,30,-2.216666666666667
100974,KAR,9,30,-1.7833333333333334
100974,KAR,10,30,-3.6966666666666668
100974,KAR,11,30,-2.3233333333333333
100974,KAR,12,30,-2.6
100974,KAR,13,30,-2.4466666666666668
100974,KAR,14,30,-2.32
100974,KAR,15,30,-2.4966666666666666
100974,KAR,16,30,-2.52
100974,KAR,17,30,-2.48
100974,KAR,18,30,-3.3000000000000003
100974,KAR,19,30,-4.13
100974,KAR,20,30,-4.993333333333333
100974,KAR,21,30,-5.24
100974,KAR,22,30,-5.45
100974,KAR,23,30,-4.34
100974,KAR,24,30,-4.926666666666667
100974,KAR,25,30,-3.8666666666666667
100974,KAR,26,30,-3.853333333333333
100974,KAR,27,30,-5.166666666666667
100974,KAR,28,30,-4.956666666666667
100974,KAR,29,30,-5.2
100974,KAR,30,30,-5.35
100974,KAR,31,30,-5.16
100974,KAR,32,30,-4.66
100974,KAR,33,30,-4.1066666666666665
100974,KAR,34,30,-4.89
100974,KAR,35,30,-5.026666666666666
100974,KAR,36,30,-5.756666666666667
100974,KAR,37,30,-6.713333333333333
100974,KAR,38,30,-5.343333333333334
100974,KAR,39,30,-4.3533333333333335
100974,KAR,40,30,-4.64
100974,KAR,41,30,-5.306666666666667
100974,KAR,42,30,-4.303333333333334
100974,KAR,43,30,-4.256666666666667
100974,KAR,44,30,-3.4466666666666668
100974,KAR,45,30,-3.283333333333333
100974,KAR,46,30,-4.283333333333333
100974,KAR,47,30,-4.323333333333333
100974,KAR,48,30,-4.033333333333333
100974,KAR,49,30,-4.99
100974,KAR,50,30,-4.866666666666667
100974,KAR,51,30,-4.756666666666667
100974,KAR,52,30,-5.683333333333334
100974,KAR,53,30,-4.973333333333334
100974,KAR,54,30,-4.46
100974,KAR,55,30,-4.433333333333334
100974,KAR,56,30,-3.6966666666666668
100974,KAR,57,30,-3.55
100974,KAR,58,30,-3.3333333333333335
100974,KAR,59,30,-3.736666666666667
100974,KAR,60,30,-3.9233333333333333
100974,KAR,61,30,-3.4033333333333333
100974,KAR,62,30,-3.006666666666667
100974,KAR,63,30,-3.3266666666666667
100974,KAR,64,30,-2.8
100974,KAR,65,30,-3.1666666666666665
100974,KAR,66,30,-2.7533333333333334
100974,KAR,67,30,-2.0833333333333335
100974,KAR,68,30,-1.49
100974,KAR,69,30,-1.5733333333333333
100974,KAR,70,30,-1.2433333333333334
100974,KAR,71,30,-1.24
100974,KAR,72,30,-1.1866666666666665
100974,KAR,73,30,-1.9066666666666667
100974,KAR,74,30,-1.7966666666666666
100974,KAR,75,30,-2.1766666666666667
100974,KAR,76,30,-1.2866666666666666
100974,KAR,77,30,-0.62
100974,KAR,78,30,-0.4466666666666667
100974,KAR,79,30,-1.3933333333333333
100974,KAR,80,30,-1.3
100974,KAR,81,30,-1.1
100974,KAR,82,30,-0.7766666666666666
100974,KAR,83,30,-0.46333333333333326
100974,KAR,84,30,-0.68
100974,KAR,85,30,-0.44666666666666666
100974,KAR,86,30,-0.16333333333333333
100974,KAR,87,30,0.38666666666666666
100974,KAR,88,30,0.8633333333333334
100974,KAR,89,30,1.1533333333333333
100974,KAR,90,30,0.9566666666666667
100974,KAR,91,30,0.94
100974,KAR,92,30,1.2966666666666666
100974,KAR,93,30,1.4766666666666666
100974,KAR,94,30,1.47
100974,KAR,95,30,1.9633333333333334
100974,KAR,96,30,2.1133333333333333
100974,KAR,97,30,2.4566666666666666
100974,KAR,98,30,2.5566666666666666
100974,KAR,99,30,2.51
100974,KAR,100,30,2.6533333333333333
100974,KAR,101,30,2.8433333333333333
100974,KAR,102,30,2.97
100974,KAR,103,30,3.5166666666666666
100974,KAR,104,30,3.69
100974,KAR,105,30,3.3366666666666664
100974,KAR,106,30,3.8533333333333335
100974,KAR,107,30,4.01
100974,KAR,108,30,4.346666666666667
100974,KAR,109,30,4.39
100974,KAR,110,30,4.98
100974,KAR,111,30,5.43
100974,KAR,112,30,5.836666666666667
100974,KAR,113,30,6.09
100974,KAR,114,30,6.323333333333333
100974,KAR,115,30,7.033333333333333
100974,KAR,116,30,7.253333333333334
100974,KAR,117,30,7.78
100974,KAR,118,30,7.6066666666666665
100974,KAR,119,30,7.17
100974,KAR,120,30,7.16
100974,KAR,121,30,7.466666666666667
100974,KAR,122,30,7.296666666666667
100974,KAR,123,30,7.933333333333334
100974,KAR,124,30,8.1
100974,KAR,125,30,8.383333333333333
100974,KAR,126,30,9.296666666666667
100974,KAR,127,30,9.459999999999999
100974,KAR,128,30,9.393333333333334
100974,KAR,129,29,10.148275862068965
100974,KAR,130,30,10.163333333333334
100974,KAR,131,30,10.556666666666667
100974,KAR,132,30,10.203333333333333
100974,KAR,133,30,10.116666666666667
100974,KAR,134,30,10.05
100974,KAR,135,30,10.370000000000001
100974,KAR,136,30,10.356666666666667
100974,KAR,137,30,10.38
100974,KAR,138,30,10.703333333333333
100974,KAR,139,30,11.553333333333333
100974,KAR,140,30,11.443333333333333
100974,KAR,141,30,12.013333333333334
100974,KAR,142,30,12.156666666666666
100974,KAR,143,30,12.116666666666667
100974,KAR,144,30,11.583333333333334
100974,KAR,145,30,11.606666666666667
100974,KAR,146,30,12.163333333333334
100974,KAR,147,30,12.023333333333333
100974,KAR,148,30,12.526666666666667
100974,KAR,149,30,12.346666666666666
100974,KAR,150,30,12.67
100974,KAR,151,30,13.026666666666667
100974,KAR,152,30,13.886666666666667
100974,KAR,153,30,13.91
100974,KAR,154,30,13.736666666666666
100974,KAR,155,30,13.733333333333334
100974,KAR,156,30,13.73
100974,KAR,157,30,14.076666666666666
100974,KAR,158,30,14.58
100974,KAR,159,30,14.983333333333333
100974,KAR,160,30,14.57
100974,KAR,161,30,14.976666666666667
100974,KAR,162,30,15.263333333333334
100974,KAR,163,30,14.886666666666667
100974,KAR,164,30,14.906666666666666
100974,KAR,165,30,14.91
100974,KAR,166,30,14.806666666666667
100974,KAR,167,30,14.793333333333333
100974,KAR,168,30,14.696666666666667
100974,KAR,169,30,14.743333333333334
100974,KAR,170,30,14.733333333333334
100974,KAR,171,30,14.906666666666666
100974,KAR,172,30,15.226666666666667
100974,KAR,173,30,14.94
100974,KAR,174,30,15.133333333333333
100974,KAR,175,30,15.5
100974,KAR,176,30,15.870000000000001
100974,KAR,177,30,15.98
100974,KAR,178,30,15.956666666666667
100974,KAR,179,30,16.446666666666665
100974,KAR,180,30,16.423333333333332
100974,KAR,181,30,16.44
100974,KAR,182,30,16.526666666666667
100974,KAR,183,30,17.093333333333334
100974,KAR,184,30,17.263333333333332
100974,KAR,185,30,16.733333333333334
100974,KAR,186,30,16.806666666666665
100974,KAR,187,30,17.193333333333335
100974,KAR,188,30,17.623333333333335
100974,KAR,189,30,17.75
100974,KAR,190,30,17.473333333333333
100974,KAR,191,30,17.376666666666665
100974,KAR,192,30,17.583333333333332
100974,KAR,193,30,17.836666666666666
100974,KAR,194,30,18.083333333333332
100974,KAR,195,30,18.093333333333334
100974,KAR,196,30,17.513333333333332
100974,KAR,197,30,17.503333333333334
100974,KAR,198,30,17.936666666666667
100974,KAR,199,30,17.816666666666666
100974,KAR,200,30,17.406666666666666
100974,KAR,201,30,17.423333333333332
100974,KAR,202,30,17.89666666666667
100974,KAR,203,30,18.153333333333332
100974,KAR,204,30,18.106666666666666
100974,KAR,205,30,17.82
100974,KAR,206,30,18.533333333333335
100974,KAR,207,30,18.75
100974,KAR,208,30,18.82
100974,KAR,209,30,18.926666666666666
100974,KAR,210,30,18.473333333333333
100974,KAR,211,30,18.4
100974,KAR,212,30,17.96
100974,KAR,213,30,17.72
100974,KAR,214,30,17.706666666666667
100974,KAR,215,30,17.986666666666668
100974,KAR,216,30,17.88
100974,KAR,217,30,17.843333333333334
100974,KAR,218,30,17.583333333333332
100974,KAR,219,30,17.663333333333334
100974,KAR,220,30,17.903333333333332
100974,KAR,221,30,17.793333333333333
100974,KAR,222,30,17.386666666666667
100974,KAR,223,30,16.86
100974,KAR,224,30,16.64
100974,KAR,225,30,16.446666666666665
100974,KAR,226,30,16.02
100974,KAR,227,30,16.266666666666666
100974,KAR,228,30,16.09
100974,KAR,229,30,16.323333333333334
100974,KAR,230,30,15.966666666666667
100974,KAR,231,30,15.92
100974,KAR,232,30,15.94
100974,KAR,233,30,16.1
100974,KAR,234,30,15.813333333333333
100974,KAR,235,30,15.773333333333333
100974,KAR,236,30,15.513333333333334
100974,KAR,237,30,15.256666666666668
100974,KAR,238,30,15.15
100974,KAR,239,30,14.76
100974,KAR,240,30,14.65
100974,KAR,241,30,14.223333333333333
100974,KAR,242,30,14.02
100974,KAR,243,30,13.823333333333334
100974,KAR,244,30,13.763333333333334
100974,KAR,245,30,13.62
100974,KAR,246,30,14.103333333333333
100974,KAR,247,30,14.056666666666667
100974,KAR,248,30,13.846666666666668
100974,KAR,249,30,13.246666666666666
100974,KAR,250,30,13.206666666666667
100974,KAR,251,30,13.186666666666667
100974,KAR,252,30,13.08
100974,KAR,253,30,12.553333333333333
100974,KAR,254,30,12.42
100974,KAR,255,30,12.486666666666666
100974,KAR,256,30,12.396666666666667
100974,KAR,257,30,11.623333333333333
100974,KAR,258,30,11.27
100974,KAR,259,30,10.983333333333333
100974,KAR,260,30,10.79
100974,KAR,261,30,10.566666666666666
100974,KAR,262,30,10.913333333333334
100974,KAR,263,30,10.693333333333333
100974,KAR,264,30,10.936666666666666
100974,KAR,265,30,10.57
100974,KAR,266,30,10.363333333333333
100974,KAR,267,30,9.89
100974,KAR,268,30,9.786666666666667
100974,KAR,269,30,9.836666666666666
100974,KAR,270,30,10.106666666666667
100974,KAR,271,30,9.846666666666666
100974,KAR,272,30,9.263333333333334
100974,KAR,273,30,9.293333333333333
100974,KAR,274,30,8.693333333333333
100974,KAR,275,30,8.563333333333333
100974,KAR,276,30,8.553333333333333
100974,KAR,277,30,8.583333333333334
100974,KAR,278,30,8.506666666666666
100974,KAR,279,30,8.193333333333333
100974,KAR,280,30,8.263333333333334
100974,KAR,281,30,8.1466666666666665
100974,KAR,282,30,8.343333333333334
100974,KAR,283,30,8.023333333333333
100974,KAR,284,30,7.223333333333334
100974,KAR,285,30,6.743333333333333
100974,KAR,286,30,6.86
100974,KAR,287,30,6.16
100974,KAR,288,30,5.4366666666666665
100974,KAR,289,30,5.6466666666666665
100974,KAR,290,30,5.906666666666667
100974,KAR,291,30,5.826666666666667
100974,KAR,292,30,5.09
100974,KAR,293,30,4.31
100974,KAR,294,30,3.6366666666666667
100974,KAR,295,30,3.86
100974,KAR,296,30,4.386666666666667
100974,KAR,297,30,4.33
100974,KAR,298,30,4.8566666666666665
100974,KAR,299,30,4.7
100974,KAR,300,30,4.843333333333334
100974,KAR,301,30,4.82
100974,KAR,302,30,4.266666666666667
100974,KAR,303,30,3.7733333333333334
100974,KAR,304,30,3.86
100974,KAR,305,30,3.9466666666666668
100974,KAR,306,30,3.743333333333333
100974,KAR,307,30,3.993333333333333
100974,KAR,308,30,3.6533333333333333
100974,KAR,309,30,2.9766666666666666
100974,KAR,310,30,3.5733333333333333
100974,KAR,311,30,3.0166666666666666
100974,KAR,312,30,2.62
100974,KAR,313,30,2.283333333333333
100974,KAR,314,30,2.336666666666667
100974,KAR,315,30,2.0866666666666664
100974,KAR,316,30,2.0666666666666664
100974,KAR,317,30,2.796666666666667
100974,KAR,318,30,2.31
100974,KAR,319,30,2.1133333333333333
100974,KAR,320,30,2.1533333333333333
100974,KAR,321,30,1.87
100974,KAR,322,30,1.66
100974,KAR,323,30,0.9233333333333333
100974,KAR,324,30,0.13333333333333333
100974,KAR,325,30,0.24666666666666662
100974,KAR,326,30,0.6199999999999999
100974,KAR,327,30,0.7933333333333333
100974,KAR,328,30,1.26
100974,KAR,329,29,0.9344827586206896
100974,KAR,330,29,0.8344827586206897
100974,KAR,331,29,1.2379310344827585
100974,KAR,332,29,0.06551724137931039
100974,KAR,333,29,-0.5206896551724138
100974,KAR,334,29,-0.7241379310344828
100974,KAR,335,29,-0.36551724137931035
100974,KAR,336,29,0.2655172413793103
100974,KAR,337,30,0.1333333333333333
100974,KAR,338,30,-0.41
100974,KAR,339,29,-0.43103448275862066
100974,KAR,340,30,0.3499999999999999
100974,KAR,341,30,-0.3166666666666667
100974,KAR,342,30,0.16000000000000003
100974,KAR,343,30,0.3466666666666667
100974,KAR,344,30,0.2033333333333333
100974,KAR,345,30,0.3166666666666667
100974,KAR,346,30,-0.4466666666666667
100974,KAR,347,30,-0.19666666666666666
100974,KAR,348,30,-1.5699999999999998
100974,KAR,349,29,-1.6241379310344828
100974,KAR,350,30,-1.1266666666666667
100974,KAR,351,29,-1.1137931034482758
100974,KAR,352,30,-1.5066666666666666
100974,KAR,353,30,-1.3933333333333333
100974,KAR,354,30,-1.2466666666666666
100974,KAR,355,30,-2.6166666666666667
100974,KAR,356,30,-3.6066666666666665
100974,KAR,357,30,-3.4266666666666667
100974,KAR,358,30,-3.28
100974,KAR,359,30,-2.56
100974,KAR,360,30,-2.55
100974,KAR,361,30,-3.54
100974,KAR,362,30,-3.09
100974,KAR,363,30,-2.87
100974,KAR,364,30,-2.07
100974,KAR,365,30,-2.66
100974,KAR,366,8,-1.675
101317,HYY,1,30,-5.526666666666666
101317,HYY,2,30,-6.523333333333333
101317,HYY,3,30,-5.776666666666666
101317,HYY,4,30,-5.88
101317,HYY,5,30,-6.796666666666667
101317,HYY,6,30,-6.933333333333334
101317,HYY,7,30,-5.923333333333333
101317,HYY,8,30,-4.586666666666667
101317,HYY,9,30,-4.456666666666667
101317,HYY,10,30,-5.61
101317,HYY,11,29,-4.703448275862069
101317,HYY,12,30,-5.743333333333333
101317,HYY,13,30,-5.18
101317,HYY,14,30,-4.906666666666667
101317,HYY,15,30,-4.74
101317,HYY,16,30,-4.47
101317,HYY,17,30,-4.863333333333333
101317,HYY,18,30,-5.81
101317,HYY,19,29,-7.1
101317,HYY,20,30,-8.626666666666667
101317,HYY,21,30,-8.406666666666666
101317,HYY,22,30,-7.653333333333333
101317,HYY,23,30,-6.916666666666667
101317,HYY,24,30,-7.733333333333333
101317,HYY,25,30,-6.683333333333334
101317,HYY,26,30,-6.38
101317,HYY,27,30,-7.28
101317,HYY,28,30,-7.89
101317,HYY,29,30,-7.696666666666666
101317,HYY,30,30,-7.616666666666666
101317,HYY,31,30,-7.823333333333333
101317,HYY,32,30,-7.516666666666667
101317,HYY,33,30,-7.45
101317,HYY,34,30,-7.716666666666667
101317,HYY,35,30,-7.386666666666667
101317,HYY,36,30,-8.44
101317,HYY,37,30,-9.386666666666667
101317,HYY,38,30,-8.326666666666666
101317,HYY,39,30,-6.71
101317,HYY,40,30,-7.796666666666667
101317,HYY,41,30,-7.39
101317,HYY,42,30,-6.326666666666667
101317,HYY,43,30,-5.806666666666667
101317,HYY,44,30,-5.663333333333333
101317,HYY,45,30,-5.27
101317,HYY,46,30,-5.9
101317,HYY,47,30,-5.48
101317,HYY,48,30,-5.86
101317,HYY,49,30,-7.006666666666667
101317,HYY,50,30,-7.133333333333333
101317,HYY,51,30,-7.3
101317,HYY,52,30,-7.863333333333333
101317,HYY,53,30,-7.25
101317,HYY,54,30,-6.3
101317,HYY,55,30,-6.636666666666667
101317,HYY,56,30,-5.093333333333334
101317,HYY,57,30,-5.3533333333333335
101317,HYY,58,30,-5.203333333333333
101317,HYY,59,30,-5.45
101317,HYY,60,30,-5.476666666666667
101317,HYY,61,30,-4.803333333333334
101317,HYY,62,30,-5.0633333333333335
101317,HYY,63,30,-5.3933333333333335
101317,HYY,64,30,-4.806666666666667
101317,HYY,65,30,-5.1033333333333335
101317,HYY,66,30,-4.993333333333333
101317,HYY,67,30,-3.5033333333333334
101317,HYY,68,30,-3.2333333333333334
101317,HYY,69,30,-3.22
101317,HYY,70,30,-2.4966666666666666
101317,HYY,71,30,-2.27
101317,HYY,72,30,-2.83
101317,HYY,73,30,-3.5166666666666666
101317,HYY,74,30,-3.4633333333333334
101317,HYY,75,30,-3.6333333333333333
101317,HYY,76,30,-2.6566666666666667
101317,HYY,77,30,-2.09
101317,HYY,78,30,-1.8566666666666667
101317,HYY,79,30,-2.6966666666666668
101317,HYY,80,30,-3.1
101317,HYY,81,30,-2.8766666666666665
101317,HYY,82,30,-2.6233333333333335
101317,HYY,83,30,-2.19
101317,HYY,84,30,-2.5033333333333334
101317,HYY,85,30,-1.96
101317,HYY,86,30,-1.9533333333333334
101317,HYY,87,30,-0.8733333333333333
101317,HYY,88,30,-0.4366666666666667
101317,HYY,89,30,-0.07666666666666669
101317,HYY,90,30,-0.033333333333333326
101317,HYY,91,30,-0.25999999999999995
101317,HYY,92,30,-0.019999999999999973
101317,HYY,93,30,0.0033333333333333327
101317,HYY,94,30,0.3633333333333333
101317,HYY,95,30,0.79
101317,HYY,96,30,0.7833333333333333
101317,HYY,97,30,0.9866666666666667
101317,HYY,98,30,1.2233333333333334
101317,HYY,99,30,1.0366666666666666
101317,HYY,100,30,1.04
101317,HYY,101,30,1.2366666666666666
101317,HYY,102,30,1.5366666666666666
101317,HYY,103,30,2.2
101317,HYY,104,30,2.27
101317,HYY,105,30,1.6766666666666667
101317,HYY,106,30,2.48
101317,HYY,107,30,2.7
101317,HYY,108,30,2.59
101317,HYY,109,30,2.6566666666666667
101317,HYY,110,30,3.086666666666667
101317,HYY,111,30,3.743333333333333
101317,HYY,112,30,4.343333333333334
101317,HYY,113,30,4.263333333333334
101317,HYY,114,30,4.74
101317,HYY,115,30,5.35
101317,HYY,116,30,5.4
101317,HYY,117,30,6.286666666666667
101317,HYY,118,30,5.626666666666667
101317,HYY,119,30,5.276666666666666
101317,HYY,120,30,5.17
101317,HYY,121,30,5.42
101317,HYY,122,30,5.406666666666666
101317,HYY,123,30,6.22
101317,HYY,124,30,6.1866666666666665
101317,HYY,125,30,6.876666666666667
101317,HYY,126,30,7.906666666666667
101317,HYY,127,30,8.1466666666666665
101317,HYY,128,30,7.89
101317,HYY,129,30,8.073333333333334
101317,HYY,130,29,8.168965517241379
101317,HYY,131,30,8.84
101317,HYY,132,30,8.143333333333333
101317,HYY,133,30,8.243333333333334
101317,HYY,134,30,8.393333333333333
101317,HYY,135,30,8.68
101317,HYY,136,30,8.633333333333333
101317,HYY,137,30,8.606666666666667
101317,HYY,138,30,9.4
101317,HYY,139,30,10.083333333333334
101317,HYY,140,30,10.246666666666666
101317,HYY,141,29,10.89655172413793
101317,HYY,142,30,11.246666666666666
101317,HYY,143,30,11.046666666666667
101317,HYY,144,30,10.226666666666667
101317,HYY,145,30,10.586666666666666
101317,HYY,146,30,11.033333333333333
101317,HYY,147,30,10.226666666666667
101317,HYY,148,30,10.733333333333333
101317,HYY,149,30,10.513333333333334
101317,HYY,150,30,10.973333333333333
101317,HYY,151,30,11.606666666666667
101317,HYY,152,30,12.173333333333334
101317,HYY,153,30,12.603333333333333
101317,HYY,154,30,12.283333333333333
101317,HYY,155,30,12.453333333333333
101317,HYY,156,30,12.553333333333333
101317,HYY,157,30,13.056666666666667
101317,HYY,158,30,13.146666666666667
101317,HYY,159,30,13.66
101317,HYY,160,30,13.42
101317,HYY,161,30,13.31
101317,HYY,162,30,13.73
101317,HYY,163,30,13.4
101317,HYY,164,30,13.346666666666668
101317,HYY,165,30,13.573333333333334
101317,HYY,166,30,13.126666666666667
101317,HYY,167,30,13.366666666666667
101317,HYY,168,30,13.243333333333334
101317,HYY,169,30,13.393333333333333
101317,HYY,170,30,13.423333333333334
101317,HYY,171,30,13.376666666666667
101317,HYY,172,30,13.89
101317,HYY,173,30,13.453333333333333
101317,HYY,174,30,13.653333333333334
101317,HYY,175,30,14.53
101317,HYY,176,30,14.366666666666667
101317,HYY,177,29,14.748275862068965
101317,HYY,178,30,14.566666666666666
101317,HYY,179,30,14.966666666666667
101317,HYY,180,30,15.083333333333334
101317,HYY,181,30,15.31
101317,HYY,182,30,15.656666666666666
101317,HYY,183,30,15.756666666666666
101317,HYY,184,30,15.686666666666667
101317,HYY,185,30,15.206666666666667
101317,HYY,186,30,14.763333333333334
101317,HYY,187,30,15.38
101317,HYY,188,30,15.71
101317,HYY,189,30,15.67
101317,HYY,190,30,15.68
101317,HYY,191,30,15.866666666666667
101317,HYY,192,30,16.143333333333334
101317,HYY,193,30,16.333333333333332
101317,HYY,194,30,16.53
101317,HYY,195,30,16.32
101317,HYY,196,30,16.01
101317,HYY,197,30,16.216666666666665
101317,HYY,198,30,16.546666666666667
101317,HYY,199,30,16.08
101317,HYY,200,30,15.946666666666667
101317,HYY,201,30,15.926666666666668
101317,HYY,202,30,16.43
101317,HYY,203,30,16.49
101317,HYY,204,30,16.443333333333335
101317,HYY,205,30,16.546666666666667
101317,HYY,206,30,17.096666666666668
101317,HYY,207,30,17.273333333333333
101317,HYY,208,30,17.286666666666665
101317,HYY,209,30,17.22
101317,HYY,210,30,16.99
101317,HYY,211,30,16.773333333333333
101317,HYY,212,30,16.356666666666666
101317,HYY,213,30,16.296666666666667
101317,HYY,214,30,16
101317,HYY,215,30,15.973333333333333
101317,HYY,216,30,16.096666666666668
101317,HYY,217,29,16.044827586206896
101317,HYY,218,29,15.955172413793104
101317,HYY,219,29,15.993103448275862
101317,HYY,220,30,16.286666666666665
101317,HYY,221,30,16.15
101317,HYY,222,30,15.473333333333333
101317,HYY,223,30,14.973333333333333
101317,HYY,224,30,14.7
101317,HYY,225,30,14.476666666666667
101317,HYY,226,30,13.956666666666667
101317,HYY,227,30,14.19
101317,HYY,228,30,14.01
101317,HYY,229,30,14.593333333333334
101317,HYY,230,30,14.196666666666667
101317,HYY,231,30,14.29
101317,HYY,232,30,14.163333333333334
101317,HYY,233,30,14.13
101317,HYY,234,30,14.133333333333333
101317,HYY,235,30,13.853333333333333
101317,HYY,236,30,13.743333333333334
101317,HYY,237,30,13.14
101317,HYY,238,30,12.983333333333333
101317,HYY,239,30,13.083333333333334
101317,HYY,240,30,12.9
101317,HYY,241,30,12.296666666666667
101317,HYY,242,30,11.91
101317,HYY,243,30,11.72
101317,HYY,244,29,11.89655172413793
101317,HYY,245,29,11.906896551724138
101317,HYY,246,29,12.013793103448275
101317,HYY,247,30,12.276666666666667
101317,HYY,248,30,12.133333333333333
101317,HYY,249,30,11.47
101317,HYY,250,30,11.086666666666666
101317,HYY,251,30,11.326666666666666
101317,HYY,252,30,11.036666666666667
101317,HYY,253,30,10.95
101317,HYY,254,30,10.473333333333333
101317,HYY,255,30,10.52
101317,HYY,256,30,10.243333333333334
101317,HYY,257,30,9.443333333333333
101317,HYY,258,30,9.173333333333334
101317,HYY,259,30,8.573333333333334
101317,HYY,260,30,8.246666666666666
101317,HYY,261,30,8.453333333333333
101317,HYY,262,30,8.673333333333334
101317,HYY,263,30,8.3966666666666665
101317,HYY,264,30,8.81
101317,HYY,265,30,8.413333333333334
101317,HYY,266,30,8.1466666666666665
101317,HYY,267,30,7.73
101317,HYY,268,30,7.56
101317,HYY,269,30,7.883333333333333
101317,HYY,270,30,8.02
101317,HYY,271,30,7.54
101317,HYY,272,30,6.816666666666666
101317,HYY,273,30,6.87
101317,HYY,274,30,6.546666666666667
101317,HYY,275,30,6.473333333333334
101317,HYY,276,30,6.333333333333333
101317,HYY,277,30,6.816666666666666
101317,HYY,278,30,6.6866666666666665
101317,HYY,279,30,6.3933333333333335
101317,HYY,280,30,6.596666666666667
101317,HYY,281,30,6.426666666666667
101317,HYY,282,30,6.536666666666667
101317,HYY,283,30,6.083333333333333
101317,HYY,284,30,5.236666666666666
101317,HYY,285,30,4.6866666666666665
101317,HYY,286,30,4.503333333333333
101317,HYY,287,30,3.9766666666666666
101317,HYY,288,30,3.1366666666666667
101317,HYY,289,30,3.19
101317,HYY,290,30,3.736666666666667
101317,HYY,291,30,3.32
101317,HYY,292,30,3.013333333333333
101317,HYY,293,30,1.8733333333333333
101317,HYY,294,30,1.2366666666666666
101317,HYY,295,30,1.36
101317,HYY,296,30,1.7866666666666666
101317,HYY,297,30,2.1466666666666665
101317,HYY,298,30,2.9333333333333336
101317,HYY,299,30,2.6933333333333334
101317,HYY,300,30,2.7666666666666666
101317,HYY,301,30,2.7966666666666664
101317,HYY,302,30,2.1533333333333333
101317,HYY,303,30,1.6933333333333334
101317,HYY,304,30,1.8766666666666667
101317,HYY,305,30,1.35
101317,HYY,306,30,1.5566666666666666
101317,HYY,307,30,2.1833333333333336
101317,HYY,308,30,1.7866666666666666
101317,HYY,309,30,1.03
101317,HYY,310,30,1.5933333333333333
101317,HYY,311,30,0.82
101317,HYY,312,30,0.7766666666666666
101317,HYY,313,30,0.1566666666666667
101317,HYY,314,30,-0.16999999999999993
101317,HYY,315,30,-0.1633333333333334
101317,HYY,316,30,-0.059999999999999956
101317,HYY,317,30,0.7166666666666666
101317,HYY,318,30,0.1766666666666667
101317,HYY,319,30,-0.39666666666666667
101317,HYY,320,30,-0.43
101317,HYY,321,30,-0.38
101317,HYY,322,30,-0.6
101317,HYY,323,30,-1.29
101317,HYY,324,30,-1.91
101317,HYY,325,30,-1.6266666666666667
101317,HYY,326,30,-1.59
101317,HYY,327,30,-1.4166666666666667
101317,HYY,328,30,-1.1300000000000001
101317,HYY,329,30,-1.1433333333333333
101317,HYY,330,30,-1.1199999999999999
101317,HYY,331,30,-0.7366666666666666
101317,HYY,332,30,-1.9833333333333334
101317,HYY,333,30,-2.6166666666666667
101317,HYY,334,30,-2.85
101317,HYY,335,30,-2.1133333333333333
101317,HYY,336,30,-1.9833333333333334
101317,HYY,337,30,-2.1666666666666665
101317,HYY,338,30,-3.0666666666666664
101317,HYY,339,30,-2.763333333333333
101317,HYY,340,30,-1.9
101317,HYY,341,30,-2.56
101317,HYY,342,30,-1.84
101317,HYY,343,30,-1.9666666666666666
101317,HYY,344,30,-1.4333333333333333
101317,HYY,345,30,-1.5766666666666667
101317,HYY,346,30,-2.703333333333333
101317,HYY,347,30,-2.6933333333333334
101317,HYY,348,30,-4.306666666666667
101317,HYY,349,30,-4.153333333333333
101317,HYY,350,30,-3.48
101317,HYY,351,30,-3.9533333333333336
101317,HYY,352,30,-4.1033333333333335
101317,HYY,353,30,-3.22
101317,HYY,354,30,-3.6166666666666667
101317,HYY,355,30,-5.43
101317,HYY,356,30,-6.496666666666667
101317,HYY,357,30,-6.066666666666666
101317,HYY,358,30,-6.206666666666667
101317,HYY,359,30,-5.533333333333333
101317,HYY,360,30,-5.573333333333333
101317,HYY,361,30,-6.206666666666667
101317,HYY,362,30,-5.5
101317,HYY,363,30,-5.406666666666667
101317,HYY,364,30,-4.96
101317,HYY,365,30,-5.096666666666667
101317,HYY,366,8,-3.5875
101603,PIS,1,30,-8.226666666666667
101603,PIS,2,30,-8.813333333333333
101603,PIS,3,30,-8.563333333333333
101603,PIS,4,30,-9.68
101603,PIS,5,30,-9.453333333333333
101603,PIS,6,30,-10.656666666666666
101603,PIS,7,30,-9.25
101603,PIS,8,30,-7.873333333333333
101603,PIS,9,30,-7.336666666666667
101603,PIS,10,30,-8.986666666666666
101603,PIS,11,30,-8.56
101603,PIS,12,30,-8.496666666666666
101603,PIS,13,30,-7.6066666666666665
101603,PIS,14,30,-7.153333333333333
101603,PIS,15,30,-7.1466666666666665
101603,PIS,16,30,-7.5633333333333335
101603,PIS,17,30,-8.193333333333333
101603,PIS,18,30,-8.313333333333333
101603,PIS,19,30,-10
101603,PIS,20,30,-12.81
101603,PIS,21,30,-11.786666666666667
101603,PIS,22,30,-11.043333333333333
101603,PIS,23,30,-10.98
101603,PIS,24,30,-11.47
101603,PIS,25,30,-10.816666666666666
101603,PIS,26,30,-9.763333333333334
101603,PIS,27,30,-10.313333333333333
101603,PIS,28,30,-11.040000000000001
101603,PIS,29,30,-11.290000000000001
101603,PIS,30,30,-11.733333333333333
101603,PIS,31,30,-12.043333333333333
101603,PIS,32,30,-11.786666666666667
101603,PIS,33,30,-12.133333333333333
101603,PIS,34,30,-10.323333333333334
101603,PIS,35,30,-9.956666666666667
101603,PIS,36,30,-11.453333333333333
101603,PIS,37,30,-12.733333333333334
101603,PIS,38,30,-11.6
101603,PIS,39,30,-9.453333333333333
101603,PIS,40,30,-10.633333333333333
101603,PIS,41,30,-9.516666666666667
101603,PIS,42,30,-9.043333333333333
101603,PIS,43,30,-8.666666666666666
101603,PIS,44,30,-8.126666666666667
101603,PIS,45,30,-8.323333333333334
101603,PIS,46,30,-8.61
101603,PIS,47,30,-7.946666666666666
101603,PIS,48,30,-8.643333333333333
101603,PIS,49,30,-10.063333333333334
101603,PIS,50,30,-9.623333333333333
101603,PIS,51,30,-10.83
101603,PIS,52,30,-10.183333333333334
101603,PIS,53,30,-9.316666666666666
101603,PIS,54,30,-8.83
101603,PIS,55,30,-8.476666666666667
101603,PIS,56,30,-7.013333333333334
101603,PIS,57,30,-7.3
101603,PIS,58,30,-7.71
101603,PIS,59,30,-6.826666666666667
101603,PIS,60,30,-7.333333333333333
101603,PIS,61,30,-6.27
101603,PIS,62,30,-6.886666666666667
101603,PIS,63,30,-7.34
101603,PIS,64,30,-7.35
101603,PIS,65,30,-7.666666666666667
101603,PIS,66,30,-7.726666666666667
101603,PIS,67,30,-5.916666666666667
101603,PIS,68,30,-5.6866666666666665
101603,PIS,69,30,-5.056666666666667
101603,PIS,70,30,-4.17
101603,PIS,71,30,-4.203333333333333
101603,PIS,72,30,-4.326666666666666
101603,PIS,73,30,-5
101603,PIS,74,30,-5.12
101603,PIS,75,30,-5.433333333333334
101603,PIS,76,30,-4.41
101603,PIS,77,30,-3.513333333333333
101603,PIS,78,30,-3.3233333333333333
101603,PIS,79,30,-4.293333333333333
101603,PIS,80,30,-5
101603,PIS,81,30,-5.326666666666667
101603,PIS,82,30,-5.18
101603,PIS,83,30,-4.306666666666667
101603,PIS,84,30,-5.07
101603,PIS,85,30,-4.496666666666667
101603,PIS,86,30,-3.7266666666666666
101603,PIS,87,30,-3.18
101603,PIS,88,30,-1.8
101603,PIS,89,30,-1.8033333333333332
101603,PIS,90,30,-2.123333333333333
101603,PIS,91,30,-1.78
101603,PIS,92,30,-1.45
101603,PIS,93,30,-2.0933333333333333
101603,PIS,94,30,-1.1233333333333333
101603,PIS,95,30,-0.5366666666666667
101603,PIS,96,30,-0.42666666666666664
101603,PIS,97,30,-0.45333333333333337
101603,PIS,98,30,-0.5166666666666666
101603,PIS,99,30,-0.8433333333333333
101603,PIS,100,30,-0.07666666666666673
101603,PIS,101,30,-0.11666666666666667
101603,PIS,102,30,0.3033333333333334
101603,PIS,103,30,0.8833333333333334
101603,PIS,104,30,0.7766666666666667
101603,PIS,105,30,0.5266666666666667
101603,PIS,106,30,1.0366666666666666
101603,PIS,107,30,1.1833333333333333
101603,PIS,108,30,1.47
101603,PIS,109,30,1.45
101603,PIS,110,30,1.6466666666666665
101603,PIS,111,30,2.1366666666666667
101603,PIS,112,30,2.63
101603,PIS,113,30,2.6033333333333335
101603,PIS,114,30,2.7333333333333334
101603,PIS,115,30,3.756666666666667
101603,PIS,116,30,4.503333333333333
101603,PIS,117,30,4.64
101603,PIS,118,30,4.786666666666667
101603,PIS,119,30,4.193333333333333
101603,PIS,120,30,3.986666666666667
101603,PIS,121,30,4.34
101603,PIS,122,30,3.8833333333333333
101603,PIS,123,30,4.696666666666666
101603,PIS,124,30,4.916666666666667
101603,PIS,125,30,5.586666666666667
101603,PIS,126,30,6.17
101603,PIS,127,30,6.673333333333333
101603,PIS,128,30,6.65
101603,PIS,129,30,6.7
101603,PIS,130,30,6.996666666666667
101603,PIS,131,30,6.763333333333334
101603,PIS,132,30,6.85
101603,PIS,133,30,7.196666666666666
101603,PIS,134,30,7.49
101603,PIS,135,30,7.886666666666667
101603,PIS,136,30,8.383333333333333
101603,PIS,137,30,8.493333333333334
101603,PIS,138,30,8.436666666666667
101603,PIS,139,30,9.486666666666666
101603,PIS,140,30,9.3533333333333335
101603,PIS,141,30,10.01
101603,PIS,142,30,9.933333333333334
101603,PIS,143,30,9.696666666666667
101603,PIS,144,30,9.826666666666666
101603,PIS,145,30,10.026666666666667
101603,PIS,146,30,10.42
101603,PIS,147,30,10.346666666666666
101603,PIS,148,30,9.743333333333334
101603,PIS,149,30,10.326666666666666
101603,PIS,150,30,10.913333333333334
101603,PIS,151,30,11.35
101603,PIS,152,30,11.34
101603,PIS,153,30,11.863333333333333
101603,PIS,154,30,11.923333333333334
101603,PIS,155,30,11.596666666666668
101603,PIS,156,30,11.606666666666667
101603,PIS,157,30,12.466666666666667
101603,PIS,158,30,12.96
101603,PIS,159,30,12.943333333333333
101603,PIS,160,30,13.213333333333333
101603,PIS,161,30,12.96
101603,PIS,162,30,13.396666666666667
101603,PIS,163,30,13.26
101603,PIS,164,30,13.35
101603,PIS,165,30,14.033333333333333
101603,PIS,166,30,13.466666666666667
101603,PIS,167,30,13.383333333333333
101603,PIS,168,30,13.466666666666667
101603,PIS,169,30,13.093333333333334
101603,PIS,170,30,13.313333333333334
101603,PIS,171,30,13.743333333333334
101603,PIS,172,30,13.996666666666666
101603,PIS,173,29,13.975862068965517
101603,PIS,174,29,13.855172413793104
101603,PIS,175,29,14.53103448275862
101603,PIS,176,29,14.441379310344828
101603,PIS,177,30,14.82
101603,PIS,178,30,14.836666666666666
101603,PIS,179,30,14.8
101603,PIS,180,30,14.776666666666667
101603,PIS,181,30,15.433333333333334
101603,PIS,182,29,15.906896551724138
101603,PIS,183,29,16.110344827586207
101603,PIS,184,29,15.975862068965517
101603,PIS,185,29,15.475862068965517
101603,PIS,186,29,14.979310344827587
101603,PIS,187,30,15.12
101603,PIS,188,30,15.46
101603,PIS,189,30,15.243333333333334
101603,PIS,190,30,15.616666666666667
101603,PIS,191,30,15.95
101603,PIS,192,30,16.23
101603,PIS,193,30,16.240000000000002
101603,PIS,194,30,16.48
101603,PIS,195,30,16.75
101603,PIS,196,30,16.156666666666666
101603,PIS,197,30,16.63
101603,PIS,198,30,16.196666666666665
101603,PIS,199,30,16.39
101603,PIS,200,30,16.123333333333335
101603,PIS,201,30,16.163333333333334
101603,PIS,202,30,16.573333333333334
101603,PIS,203,30,16.96
101603,PIS,204,30,16.71
101603,PIS,205,30,16.563333333333333
101603,PIS,206,30,16.893333333333334
101603,PIS,207,30,16.983333333333334
101603,PIS,208,30,17.106666666666666
101603,PIS,209,30,16.59
101603,PIS,210,30,16.806666666666665
101603,PIS,211,30,16.526666666666667
101603,PIS,212,30,16.423333333333332
101603,PIS,213,30,16.35
101603,PIS,214,30,16.09
101603,PIS,215,30,15.676666666666666
101603,PIS,216,30,15.736666666666666
101603,PIS,217,30,15.233333333333334
101603,PIS,218,30,15.116666666666667
101603,PIS,219,30,15.603333333333333
101603,PIS,220,30,15.763333333333334
101603,PIS,221,30,15.64
101603,PIS,222,30,15.236666666666666
101603,PIS,223,30,14.2
101603,PIS,224,30,14.406666666666666
101603,PIS,225,29,14.093103448275862
101603,PIS,226,29,13.906896551724138
101603,PIS,227,29,13.796551724137931
101603,PIS,228,29,13.593103448275862
101603,PIS,229,29,13.741379310344827
101603,PIS,230,29,13.782758620689656
101603,PIS,231,29,13.962068965517242
101603,PIS,232,29,13.227586206896552
101603,PIS,233,29,12.944827586206896
101603,PIS,234,29,13.16551724137931
101603,PIS,235,30,13.163333333333334
101603,PIS,236,30,13.316666666666666
101603,PIS,237,30,12.553333333333333
101603,PIS,238,30,12.26
101603,PIS,239,30,12.416666666666666
101603,PIS,240,30,12.44
101603,PIS,241,30,11.9
101603,PIS,242,30,11.233333333333334
101603,PIS,243,30,10.893333333333333
101603,PIS,244,29,11.093103448275862
101603,PIS,245,30,11.463333333333333
101603,PIS,246,30,11.44
101603,PIS,247,30,11.053333333333333
101603,PIS,248,30,11.356666666666667
101603,PIS,249,30,11.046666666666667
101603,PIS,250,30,10.823333333333334
101603,PIS,251,30,10.536666666666667
101603,PIS,252,30,10.35
101603,PIS,253,30,9.706666666666667
101603,PIS,254,30,9.616666666666667
101603,PIS,255,30,9.663333333333334
101603,PIS,256,30,9.629999999999999
101603,PIS,257,30,8.96
101603,PIS,258,30,8.286666666666667
101603,PIS,259,30,8.18
101603,PIS,260,30,7.683333333333334
101603,PIS,261,30,7.4366666666666665
101603,PIS,262,30,7.85
101603,PIS,263,30,7.843333333333333
101603,PIS,264,30,7.86
101603,PIS,265,30,7.3533333333333335
101603,PIS,266,30,7.28
101603,PIS,267,30,6.92
101603,PIS,268,30,6.776666666666666
101603,PIS,269,30,6.676666666666667
101603,PIS,270,30,7.03
101603,PIS,271,30,6.933333333333334
101603,PIS,272,30,5.723333333333334
101603,PIS,273,30,5.593333333333334
101603,PIS,274,30,5.703333333333333
101603,PIS,275,30,5.576666666666667
101603,PIS,276,30,5.473333333333334
101603,PIS,277,30,5.34
101603,PIS,278,30,5.3
101603,PIS,279,30,5.343333333333334
101603,PIS,280,30,5.533333333333333
101603,PIS,281,30,5.5200000000000005
101603,PIS,282,30,5.6866666666666665
101603,PIS,283,30,4.92
101603,PIS,284,30,3.9
101603,PIS,285,30,3.51
101603,PIS,286,30,3.39
101603,PIS,287,30,2.8
101603,PIS,288,30,2.2
101603,PIS,289,30,1.8366666666666667
101603,PIS,290,30,1.9133333333333333
101603,PIS,291,30,2.06
101603,PIS,292,30,1.2933333333333332
101603,PIS,293,30,0.41000000000000003
101603,PIS,294,30,-0.32333333333333336
101603,PIS,295,30,-0.2
101603,PIS,296,30,-0.13333333333333333
101603,PIS,297,30,0.44333333333333336
101603,PIS,298,30,1
101603,PIS,299,30,1.3233333333333333
101603,PIS,300,30,0.8933333333333333
101603,PIS,301,30,1.65
101603,PIS,302,30,0.7966666666666667
101603,PIS,303,30,-0.08666666666666666
101603,PIS,304,30,-0.15666666666666662
101603,PIS,305,30,-0.68
101603,PIS,306,30,-0.38666666666666666
101603,PIS,307,30,0.016666666666666684
101603,PIS,308,30,-0.22666666666666666
101603,PIS,309,30,-0.97
101603,PIS,310,30,-0.5599999999999999
101603,PIS,311,30,-0.7400000000000001
101603,PIS,312,30,-1.2633333333333334
101603,PIS,313,30,-1.8
101603,PIS,314,30,-2.0533333333333332
101603,PIS,315,30,-1.7366666666666666
101603,PIS,316,30,-2.2866666666666666
101603,PIS,317,30,-1.39
101603,PIS,318,30,-1.9933333333333334
101603,PIS,319,30,-2.63
101603,PIS,320,30,-2.8833333333333333
101603,PIS,321,30,-3.41
101603,PIS,322,30,-3.0433333333333334
101603,PIS,323,30,-3.2866666666666666
101603,PIS,324,30,-4.233333333333333
101603,PIS,325,30,-3.4966666666666666
101603,PIS,326,30,-3.743333333333333
101603,PIS,327,30,-3.3266666666666667
101603,PIS,328,30,-2.53
101603,PIS,329,30,-2.9333333333333336
101603,PIS,330,30,-3.08
101603,PIS,331,30,-3.09
101603,PIS,332,30,-4.23
101603,PIS,333,30,-5.07
101603,PIS,334,30,-5.8
101603,PIS,335,30,-4.8100000000000005
101603,PIS,336,30,-4.116666666666667
101603,PIS,337,30,-3.83
101603,PIS,338,30,-5.286666666666667
101603,PIS,339,30,-5.03
101603,PIS,340,30,-3.91
101603,PIS,341,30,-5.1066666666666665
101603,PIS,342,30,-3.7266666666666666
101603,PIS,343,30,-3.966666666666667
101603,PIS,344,30,-3.6033333333333335
101603,PIS,345,30,-3.9066666666666667
101603,PIS,346,30,-4.566666666666666
101603,PIS,347,30,-5.083333333333333
101603,PIS,348,30,-6.503333333333333
101603,PIS,349,30,-6.7299999999999995
101603,PIS,350,30,-5.75
101603,PIS,351,30,-7.013333333333334
101603,PIS,352,30,-6.4799999999999995
101603,PIS,353,30,-6.15
101603,PIS,354,30,-6.496666666666667
101603,PIS,355,30,-7.283333333333333
101603,PIS,356,30,-9.3533333333333335
101603,PIS,357,30,-9.463333333333333
101603,PIS,358,30,-9.29
101603,PIS,359,30,-9.753333333333334
101603,PIS,360,30,-8.856666666666667
101603,PIS,361,30,-9.856666666666667
101603,PIS,362,30,-9.513333333333334
101603,PIS,363,30,-8.723333333333333
101603,PIS,364,30,-6.706666666666667
101603,PIS,365,30,-7.126666666666667
101603,PIS,366,8,-5.1375
101743,TII,1,30,-7.773333333333333
101743,TII,2,30,-8.8
101743,TII,3,30,-8.483333333333334
101743,TII,4,30,-9.540000000000001
101743,TII,5,30,-9.696666666666667
101743,TII,6,30,-10.703333333333333
101743,TII,7,30,-9.23
101743,TII,8,29,-7.86896551724138
101743,TII,9,30,-7.28
101743,TII,10,30,-8.316666666666666
101743,TII,11,30,-8.39
101743,TII,12,30,-8.413333333333334
101743,TII,13,30,-7.2299999999999995
101743,TII,14,30,-7.083333333333333
101743,TII,15,30,-7.076666666666666
101743,TII,16,30,-7.4
101743,TII,17,30,-8.306666666666667
101743,TII,18,30,-8.216666666666667
101743,TII,19,30,-10.096666666666666
101743,TII,20,30,-12.343333333333334
101743,TII,21,30,-11.700000000000001
101743,TII,22,30,-11
101743,TII,23,30,-10.96
101743,TII,24,30,-11.583333333333334
101743,TII,25,30,-11.083333333333334
101743,TII,26,30,-9.623333333333333
101743,TII,27,30,-10.386666666666667
101743,TII,28,30,-11.22
101743,TII,29,30,-11.766666666666667
101743,TII,30,30,-11.56
101743,TII,31,30,-12.016666666666667
101743,TII,32,30,-12.063333333333333
101743,TII,33,30,-12.64
101743,TII,34,30,-10.513333333333334
101743,TII,35,30,-10
101743,TII,36,30,-11.47
101743,TII,37,30,-12.996666666666666
101743,TII,38,30,-11.79
101743,TII,39,30,-9.623333333333333
101743,TII,40,30,-10.396666666666667
101743,TII,41,30,-9.246666666666666
101743,TII,42,30,-8.973333333333333
101743,TII,43,30,-8.75
101743,TII,44,30,-8.053333333333333
101743,TII,45,30,-8.343333333333334
101743,TII,46,30,-8.243333333333334
101743,TII,47,30,-7.92
101743,TII,48,30,-8.6033333333333335
101743,TII,49,30,-9.803333333333333
101743,TII,50,30,-9.283333333333333
101743,TII,51,30,-10.643333333333333
101743,TII,52,30,-10.129999999999999
101743,TII,53,30,-9.26
101743,TII,54,30,-8.893333333333333
101743,TII,55,30,-8.416666666666666
101743,TII,56,30,-6.69
101743,TII,57,30,-7.246666666666667
101743,TII,58,30,-7.69
101743,TII,59,30,-6.656666666666667
101743,TII,60,30,-7.303333333333334
101743,TII,61,30,-6.166666666666667
101743,TII,62,30,-6.873333333333333
101743,TII,63,30,-7.64
101743,TII,64,30,-7.013333333333334
101743,TII,65,30,-7.673333333333333
101743,TII,66,30,-7.596666666666667
101743,TII,67,30,-5.6066666666666665
101743,TII,68,30,-5.246666666666667
101743,TII,69,30,-4.763333333333334
101743,TII,70,30,-3.81
101743,TII,71,30,-4.163333333333333
101743,TII,72,30,-4.47
101743,TII,73,30,-4.673333333333333
101743,TII,74,30,-4.706666666666667
101743,TII,75,30,-4.796666666666667
101743,TII,76,30,-4.243333333333333
101743,TII,77,30,-3.4699999999999998
101743,TII,78,30,-2.95
101743,TII,79,30,-4.153333333333333
101743,TII,80,30,-4.543333333333333
101743,TII,81,30,-4.583333333333333
101743,TII,82,30,-4.51
101743,TII,83,30,-3.796666666666667
101743,TII,84,30,-4.526666666666666
101743,TII,85,30,-3.8866666666666667
101743,TII,86,30,-3.39
101743,TII,87,30,-2.783333333333333
101743,TII,88,30,-1.1866666666666668
101743,TII,89,30,-1.36
101743,TII,90,30,-1.86
101743,TII,91,30,-1.4833333333333334
101743,TII,92,30,-1.21
101743,TII,93,30,-1.79
101743,TII,94,30,-0.8433333333333333
101743,TII,95,30,-0.5266666666666666
101743,TII,96,30,-0.2833333333333333
101743,TII,97,30,-0.2866666666666666
101743,TII,98,30,-0.3933333333333334
101743,TII,99,30,-0.5033333333333333
101743,TII,100,30,0.13999999999999999
101743,TII,101,30,0.2033333333333333
101743,TII,102,30,0.63
101743,TII,103,30,1.13
101743,TII,104,30,1.1166666666666667
101743,TII,105,30,0.8366666666666667
101743,TII,106,30,1.2933333333333332
101743,TII,107,30,1.3800000000000001
101743,TII,108,30,1.55
101743,TII,109,30,1.88
101743,TII,110,30,2.0366666666666666
101743,TII,111,30,2.5
101743,TII,112,30,2.9733333333333336
101743,TII,113,30,3.0166666666666666
101743,TII,114,30,3.1666666666666665
101743,TII,115,30,3.856666666666667
101743,TII,116,30,4.593333333333334
101743,TII,117,30,4.673333333333334
101743,TII,118,30,4.963333333333333
101743,TII,119,30,4.4
101743,TII,120,30,4.273333333333333
101743,TII,121,30,4.59
101743,TII,122,30,4.126666666666667
101743,TII,123,30,4.943333333333333
101743,TII,124,30,5.163333333333333
101743,TII,125,30,5.863333333333333
101743,TII,126,30,6.41
101743,TII,127,30,6.706666666666667
101743,TII,128,30,6.85
101743,TII,129,30,6.933333333333334
101743,TII,130,30,7.276666666666666
101743,TII,131,30,6.9799999999999995
101743,TII,132,30,7.126666666666667
101743,TII,133,30,7.21
101743,TII,134,30,7.5600000000000005
101743,TII,135,30,7.843333333333334
101743,TII,136,30,8.533333333333333
101743,TII,137,30,8.613333333333333
101743,TII,138,30,8.773333333333333
101743,TII,139,30,9.526666666666667
101743,TII,140,30,9.633333333333333
101743,TII,141,30,10.063333333333333
101743,TII,142,30,10.143333333333333
101743,TII,143,30,9.846666666666666
101743,TII,144,30,10.07
101743,TII,145,30,10.216666666666667
101743,TII,146,30,10.706666666666667
101743,TII,147,30,10.383333333333333
101743,TII,148,30,10.083333333333334
101743,TII,149,30,10.77
101743,TII,150,30,11.373333333333333
101743,TII,151,30,11.633333333333333
101743,TII,152,30,11.629999999999999
101743,TII,153,30,12.153333333333334
101743,TII,154,30,12.106666666666667
101743,TII,155,30,11.996666666666666
101743,TII,156,30,11.893333333333333
101743,TII,157,30,12.65
101743,TII,158,30,12.983333333333334
101743,TII,159,30,13.233333333333333
101743,TII,160,30,13.51
101743,TII,161,30,13.236666666666666
101743,TII,162,30,13.633333333333333
101743,TII,163,30,13.436666666666667
101743,TII,164,30,13.576666666666666
101743,TII,165,30,14.283333333333333
101743,TII,166,30,13.88
101743,TII,167,30,13.82
101743,TII,168,30,13.74
101743,TII,169,30,13.31
101743,TII,170,30,13.616666666666667
101743,TII,171,30,14.153333333333334
101743,TII,172,30,14.213333333333333
101743,TII,173,30,14.406666666666666
101743,TII,174,30,14.303333333333333
101743,TII,175,30,14.883333333333333
101743,TII,176,30,14.833333333333334
101743,TII,177,30,15.226666666666667
101743,TII,178,30,15.283333333333333
101743,TII,179,30,15.11
101743,TII,180,30,15.233333333333333
101743,TII,181,30,15.9
101743,TII,182,30,16.266666666666666
101743,TII,183,30,16.73
101743,TII,184,30,16.356666666666666
101743,TII,185,30,16.03333333333333
101743,TII,186,30,15.526666666666667
101743,TII,187,30,15.486666666666666
101743,TII,188,30,15.646666666666667
101743,TII,189,30,15.69
101743,TII,190,30,15.91
101743,TII,191,30,16.203333333333333
101743,TII,192,30,16.64
101743,TII,193,30,16.583333333333332
101743,TII,194,30,16.906666666666666
101743,TII,195,30,17.12
101743,TII,196,30,16.596666666666668
101743,TII,197,30,16.9
101743,TII,198,30,16.45
101743,TII,199,29,16.627586206896552
101743,TII,200,29,16.848275862068967
101743,TII,201,29,16.658620689655173
101743,TII,202,30,16.84
101743,TII,203,30,17.41
101743,TII,204,30,17.05
101743,TII,205,30,16.956666666666667
101743,TII,206,30,17.35
101743,TII,207,30,17.036666666666665
101743,TII,208,30,17.31
101743,TII,209,30,16.990000000000002
101743,TII,210,30,17.066666666666666
101743,TII,211,30,16.71666666666667
101743,TII,212,30,16.823333333333334
101743,TII,213,30,16.76
101743,TII,214,30,16.346666666666668
101743,TII,215,30,16.04
101743,TII,216,30,15.81
101743,TII,217,30,15.53
101743,TII,218,30,15.403333333333332
101743,TII,219,30,15.7
101743,TII,220,30,16.113333333333333
101743,TII,221,30,15.986666666666666
101743,TII,222,30,15.603333333333333
101743,TII,223,30,14.393333333333333
101743,TII,224,30,14.583333333333334
101743,TII,225,30,14.366666666666667
101743,TII,226,30,14.313333333333333
101743,TII,227,30,14.226666666666667
101743,TII,228,30,13.956666666666667
101743,TII,229,30,14
101743,TII,230,30,14
101743,TII,231,30,14.253333333333334
101743,TII,232,30,13.773333333333333
101743,TII,233,30,13.396666666666667
101743,TII,234,30,13.576666666666666
101743,TII,235,30,13.636666666666667
101743,TII,236,30,13.616666666666667
101743,TII,237,30,12.83
101743,TII,238,30,12.516666666666667
101743,TII,239,30,12.82
101743,TII,240,30,12.870000000000001
101743,TII,241,30,12.15
101743,TII,242,30,11.656666666666666
101743,TII,243,30,11.33
101743,TII,244,30,11.29
101743,TII,245,30,11.59
101743,TII,246,30,11.786666666666667
101743,TII,247,30,11.476666666666667
101743,TII,248,30,11.676666666666668
101743,TII,249,30,11.503333333333334
101743,TII,250,30,11.36
101743,TII,251,30,10.873333333333333
101743,TII,252,30,10.596666666666666
101743,TII,253,30,10.07
101743,TII,254,30,10.253333333333334
101743,TII,255,30,10.066666666666666
101743,TII,256,30,9.956666666666667
101743,TII,257,30,9.423333333333334
101743,TII,258,30,8.726666666666667
101743,TII,259,29,8.462068965517242
101743,TII,260,29,8.03103448275862
101743,TII,261,29,7.86551724137931
101743,TII,262,29,8.23448275862069
101743,TII,263,29,8.36896551724138
101743,TII,264,29,8.379310344827585
101743,TII,265,29,7.858620689655172
101743,TII,266,29,7.610344827586207
101743,TII,267,29,7.410344827586207
101743,TII,268,29,7.427586206896552
101743,TII,269,29,7.182758620689655
101743,TII,270,29,7.075862068965518
101743,TII,271,29,6.837931034482759
101743,TII,272,30,6.053333333333334
101743,TII,273,30,6.113333333333333
101743,TII,274,30,6.3533333333333335
101743,TII,275,30,6.043333333333333
101743,TII,276,30,5.676666666666667
101743,TII,277,30,5.53
101743,TII,278,30,5.683333333333334
101743,TII,279,30,5.836666666666667
101743,TII,280,30,6.053333333333334
101743,TII,281,30,5.96
101743,TII,282,30,6.02
101743,TII,283,30,5.35
101743,TII,284,30,4.403333333333333
101743,TII,285,30,4
101743,TII,286,30,3.97
101743,TII,287,30,3.35
101743,TII,288,30,2.7600000000000002
101743,TII,289,30,2.3466666666666667
101743,TII,290,30,2.3266666666666667
101743,TII,291,30,2.3866666666666667
101743,TII,292,30,1.59
101743,TII,293,30,0.6766666666666666
101743,TII,294,30,0.05999999999999999
101743,TII,295,30,0.17666666666666667
101743,TII,296,30,0.19999999999999998
101743,TII,297,30,0.7666666666666667
101743,TII,298,30,1.3499999999999999
101743,TII,299,30,1.79
101743,TII,300,30,1.31
101743,TII,301,30,1.8566666666666667
101743,TII,302,30,1.1233333333333333
101743,TII,303,30,0.20666666666666664
101743,TII,304,30,0.20333333333333337
101743,TII,305,30,-0.21000000000000002
101743,TII,306,30,-0.16000000000000003
101743,TII,307,30,0.43000000000000005
101743,TII,308,30,0.033333333333333375
101743,TII,309,30,-0.8866666666666667
101743,TII,310,30,-0.4333333333333333
101743,TII,311,30,-0.3533333333333333
101743,TII,312,30,-1.05
101743,TII,313,30,-1.56
101743,TII,314,30,-1.8
101743,TII,315,30,-1.4633333333333334
101743,TII,316,30,-1.8433333333333333
101743,TII,317,30,-1.2633333333333334
101743,TII,318,30,-1.8766666666666667
101743,TII,319,30,-2.4566666666666666
101743,TII,320,30,-2.413333333333333
101743,TII,321,30,-3.1333333333333333
101743,TII,322,30,-2.9633333333333334
101743,TII,323,30,-3.013333333333333
101743,TII,324,30,-3.973333333333333
101743,TII,325,30,-3.203333333333333
101743,TII,326,30,-3.493333333333333
101743,TII,327,30,-3.09
101743,TII,328,30,-2.316666666666667
101743,TII,329,30,-2.683333333333333
101743,TII,330,30,-2.9033333333333333
101743,TII,331,30,-2.86
101743,TII,332,30,-4.056666666666667
101743,TII,333,30,-5
101743,TII,334,30,-5.516666666666667
101743,TII,335,30,-4.98
101743,TII,336,30,-4.036666666666667
101743,TII,337,30,-3.6766666666666667
101743,TII,338,30,-5.21
101743,TII,339,30,-4.876666666666667
101743,TII,340,30,-3.6166666666666667
101743,TII,341,30,-4.8566666666666665
101743,TII,342,30,-3.533333333333333
101743,TII,343,30,-3.5500000000000003
101743,TII,344,30,-3.5066666666666664
101743,TII,345,30,-3.473333333333333
101743,TII,346,30,-4.14
101743,TII,347,30,-4.986666666666666
101743,TII,348,30,-6.1466666666666665
101743,TII,349,30,-6.623333333333333
101743,TII,350,30,-5.743333333333333
101743,TII,351,30,-6.9399999999999995
101743,TII,352,30,-5.876666666666667
101743,TII,353,30,-5.876666666666667
101743,TII,354,30,-6.2700000000000005
101743,TII,355,30,-6.806666666666667
101743,TII,356,30,-8.936666666666667
101743,TII,357,30,-9.316666666666666
101743,TII,358,30,-8.98
101743,TII,359,30,-9.756666666666668
101743,TII,360,30,-9.216666666666667
101743,TII,361,30,-9.943333333333333
101743,TII,362,30,-9.906666666666666
101743,TII,363,30,-9.016666666666667
101743,TII,364,30,-7.326666666666667
101743,TII,365,30,-7.22
101743,TII,366,8,-4.3125
102012,VAR,1,30,-9.226666666666667
102012,VAR,2,30,-9.58
102012,VAR,3,30,-9.773333333333333
102012,VAR,4,30,-10.936666666666667
102012,VAR,5,30,-11.413333333333334
102012,VAR,6,30,-11.52
102012,VAR,7,30,-11.283333333333333
102012,VAR,8,30,-9.993333333333334
102012,VAR,9,30,-9.74
102012,VAR,10,30,-9.83
102012,VAR,11,30,-9.63
102012,VAR,12,30,-10.186666666666667
102012,VAR,13,30,-10.85
102012,VAR,14,30,-10.17
102012,VAR,15,30,-9.793333333333333
102012,VAR,16,30,-9.133333333333333
102012,VAR,17,30,-9.316666666666666
102012,VAR,18,30,-9.52
102012,VAR,19,30,-11.04
102012,VAR,20,30,-11.926666666666666
102012,VAR,21,30,-10.986666666666666
102012,VAR,22,30,-11.040000000000001
102012,VAR,23,30,-11.593333333333334
102012,VAR,24,30,-12.753333333333334
102012,VAR,25,30,-11.26
102012,VAR,26,30,-11.16
102012,VAR,27,30,-11.443333333333333
102012,VAR,28,30,-13.303333333333333
102012,VAR,29,30,-13.616666666666667
102012,VAR,30,30,-12.14
102012,VAR,31,30,-11.383333333333333
102012,VAR,32,30,-12.753333333333334
102012,VAR,33,30,-12.886666666666667
102012,VAR,34,30,-12.306666666666667
102012,VAR,35,30,-13
102012,VAR,36,30,-13.523333333333333
102012,VAR,37,30,-13.746666666666666
102012,VAR,38,30,-13.603333333333333
102012,VAR,39,30,-11.763333333333334
102012,VAR,40,30,-11.17
102012,VAR,41,30,-9.98
102012,VAR,42,30,-9.696666666666667
102012,VAR,43,30,-9.866666666666667
102012,VAR,44,30,-9.19
102012,VAR,45,30,-9.483333333333334
102012,VAR,46,30,-9.13
102012,VAR,47,30,-8.703333333333333
102012,VAR,48,30,-9.73
102012,VAR,49,30,-10.503333333333334
102012,VAR,50,30,-10.826666666666666
102012,VAR,51,30,-11.256666666666666
102012,VAR,52,30,-11.11
102012,VAR,53,30,-9.843333333333334
102012,VAR,54,30,-9.706666666666667
102012,VAR,55,30,-9.306666666666667
102012,VAR,56,30,-8.986666666666666
102012,VAR,57,30,-8.306666666666667
102012,VAR,58,30,-8.523333333333333
102012,VAR,59,30,-9.833333333333334
102012,VAR,60,30,-9.883333333333333
102012,VAR,61,30,-9.02
102012,VAR,62,30,-8.94
102012,VAR,63,30,-9.473333333333333
102012,VAR,64,30,-10.093333333333334
102012,VAR,65,30,-9.086666666666666
102012,VAR,66,30,-8.36
102012,VAR,67,30,-7.086666666666667
102012,VAR,68,30,-6.456666666666667
102012,VAR,69,30,-6.34
102012,VAR,70,30,-6.406666666666666
102012,VAR,71,30,-6.33
102012,VAR,72,30,-6.59
102012,VAR,73,30,-6.38
102012,VAR,74,30,-6.71
102012,VAR,75,30,-5.506666666666667
102012,VAR,76,30,-5.1866666666666665
102012,VAR,77,30,-5.74
102012,VAR,78,30,-6.1
102012,VAR,79,30,-6.3966666666666665
102012,VAR,80,30,-6.42
102012,VAR,81,30,-6.386666666666667
102012,VAR,82,30,-6.333333333333333
102012,VAR,83,30,-5.676666666666667
102012,VAR,84,30,-6.07
102012,VAR,85,30,-5.846666666666667
102012,VAR,86,30,-5.636666666666667
102012,VAR,87,30,-5.08
102012,VAR,88,30,-4.8966666666666665
102012,VAR,89,30,-5.306666666666667
102012,VAR,90,30,-4.706666666666667
102012,VAR,91,30,-4.246666666666667
102012,VAR,92,30,-4.1866666666666665
102012,VAR,93,30,-4.386666666666667
102012,VAR,94,30,-4.22
102012,VAR,95,30,-3.506666666666667
102012,VAR,96,30,-3.1433333333333335
102012,VAR,97,30,-3.836666666666667
102012,VAR,98,30,-3.986666666666667
102012,VAR,99,30,-2.91
102012,VAR,100,30,-2
102012,VAR,101,30,-1.94
102012,VAR,102,30,-1.5533333333333335
102012,VAR,103,30,-1.5066666666666666
102012,VAR,104,30,-1.81
102012,VAR,105,30,-1.92
102012,VAR,106,30,-1.6666666666666667
102012,VAR,107,30,-1.4633333333333334
102012,VAR,108,30,-1.1633333333333333
102012,VAR,109,30,-1.0466666666666666
102012,VAR,110,30,-1.0966666666666667
102012,VAR,111,30,-0.64
102012,VAR,112,30,-0.21666666666666665
102012,VAR,113,30,0.09333333333333335
102012,VAR,114,30,-0.023333333333333303
102012,VAR,115,30,0.3400000000000001
102012,VAR,116,30,1.14
102012,VAR,117,30,1.0466666666666666
102012,VAR,118,30,0.96
102012,VAR,119,30,0.9400000000000001
102012,VAR,120,30,0.8666666666666666
102012,VAR,121,30,1.3
102012,VAR,122,30,1.48
102012,VAR,123,30,1.8666666666666667
102012,VAR,124,30,2.0033333333333334
102012,VAR,125,30,2.033333333333333
102012,VAR,126,30,1.93
102012,VAR,127,30,2.4766666666666666
102012,VAR,128,30,3.2133333333333334
102012,VAR,129,30,3.006666666666667
102012,VAR,130,30,2.8
102012,VAR,131,30,2.3533333333333335
102012,VAR,132,30,2.5366666666666666
102012,VAR,133,30,2.69
102012,VAR,134,30,2.736666666666667
102012,VAR,135,30,2.743333333333333
102012,VAR,136,30,3.66
102012,VAR,137,30,3.603333333333333
102012,VAR,138,30,3.7666666666666666
102012,VAR,139,30,5.223333333333334
102012,VAR,140,30,5.04
102012,VAR,141,30,5.506666666666667
102012,VAR,142,30,5.743333333333333
102012,VAR,143,30,4.923333333333334
102012,VAR,144,30,5.303333333333334
102012,VAR,145,30,5.93
102012,VAR,146,30,5.406666666666666
102012,VAR,147,30,5.713333333333334
102012,VAR,148,30,6.446666666666666
102012,VAR,149,30,7.076666666666667
102012,VAR,150,30,7.49
102012,VAR,151,30,7.1466666666666665
102012,VAR,152,30,7.226666666666667
102012,VAR,153,30,8.156666666666666
102012,VAR,154,30,8.74
102012,VAR,155,30,8.006666666666666
102012,VAR,156,30,7.556666666666667
102012,VAR,157,30,8.306666666666667
102012,VAR,158,30,9.936666666666667
102012,VAR,159,30,10.233333333333333
102012,VAR,160,30,10.296666666666667
102012,VAR,161,30,9.983333333333334
102012,VAR,162,30,8.95
102012,VAR,163,30,9.366666666666667
102012,VAR,164,30,10.123333333333333
102012,VAR,165,30,10.623333333333333
102012,VAR,166,30,10.726666666666667
102012,VAR,167,30,9.76
102012,VAR,168,30,9.15
102012,VAR,169,30,9.516666666666667
102012,VAR,170,30,10.06
102012,VAR,171,30,10.213333333333333
102012,VAR,172,30,10.94
102012,VAR,173,30,12.07
102012,VAR,174,30,12.013333333333334
102012,VAR,175,30,10.94
102012,VAR,176,30,11.853333333333333
102012,VAR,177,30,11.336666666666666
102012,VAR,178,30,10.883333333333333
102012,VAR,179,30,11.133333333333333
102012,VAR,180,30,12.226666666666667
102012,VAR,181,30,13.01
102012,VAR,182,30,12.98
102012,VAR,183,30,12.776666666666667
102012,VAR,184,30,12.993333333333334
102012,VAR,185,30,12.246666666666666
102012,VAR,186,30,11.47
102012,VAR,187,30,12.28
102012,VAR,188,30,12.323333333333334
102012,VAR,189,30,12.413333333333334
102012,VAR,190,30,12.593333333333334
102012,VAR,191,30,12.933333333333334
102012,VAR,192,30,13.196666666666667
102012,VAR,193,30,13.63
102012,VAR,194,30,13.766666666666667
102012,VAR,195,30,14.07
102012,VAR,196,30,14.346666666666668
102012,VAR,197,30,14.553333333333333
102012,VAR,198,30,14.363333333333333
102012,VAR,199,30,13.976666666666667
102012,VAR,200,30,13.573333333333334
102012,VAR,201,30,14.073333333333334
102012,VAR,202,30,13.82
102012,VAR,203,30,14.236666666666666
102012,VAR,204,30,14.376666666666667
102012,VAR,205,30,14.78
102012,VAR,206,30,14.576666666666666
102012,VAR,207,30,14.086666666666666
102012,VAR,208,30,14.08
102012,VAR,209,30,14.243333333333334
102012,VAR,210,30,13.496666666666666
102012,VAR,211,30,13.803333333333333
102012,VAR,212,30,14.223333333333333
102012,VAR,213,30,14.06
102012,VAR,214,30,13.63
102012,VAR,215,30,13.24
102012,VAR,216,30,12.94
102012,VAR,217,30,12.556666666666667
102012,VAR,218,30,12.656666666666666
102012,VAR,219,30,12.81
102012,VAR,220,30,13.15
102012,VAR,221,29,12.489655172413793
102012,VAR,222,29,11.541379310344828
102012,VAR,223,30,11.233333333333333
102012,VAR,224,30,11.516666666666666
102012,VAR,225,30,11.573333333333332
102012,VAR,226,30,11.793333333333333
102012,VAR,227,30,10.74
102012,VAR,228,30,10.303333333333333
102012,VAR,229,30,10.67
102012,VAR,230,30,11.026666666666667
102012,VAR,231,30,10.69
102012,VAR,232,30,10.36
102012,VAR,233,30,10.42
102012,VAR,234,30,11.17
102012,VAR,235,30,11.296666666666667
102012,VAR,236,30,10.42
102012,VAR,237,30,9.616666666666667
102012,VAR,238,30,9.666666666666666
102012,VAR,239,30,9.673333333333334
102012,VAR,240,30,9.52
102012,VAR,241,30,9.11
102012,VAR,242,30,9.136666666666667
102012,VAR,243,30,8.756666666666666
102012,VAR,244,30,8.876666666666667
102012,VAR,245,30,9.073333333333334
102012,VAR,246,30,9.1033333333333335
102012,VAR,247,30,9.026666666666667
102012,VAR,248,30,8.8533333333333335
102012,VAR,249,30,8.873333333333333
102012,VAR,250,30,7.6899999999999995
102012,VAR,251,30,7.43
102012,VAR,252,30,7.373333333333333
102012,VAR,253,30,7.68
102012,VAR,254,30,7.846666666666667
102012,VAR,255,30,7.486666666666666
102012,VAR,256,30,6.9366666666666665
102012,VAR,257,30,6.326666666666666
102012,VAR,258,30,6.07
102012,VAR,259,30,6.1866666666666665
102012,VAR,260,30,5.546666666666667
102012,VAR,261,30,5.133333333333334
102012,VAR,262,30,4.926666666666667
102012,VAR,263,30,5.236666666666666
102012,VAR,264,30,4.883333333333334
102012,VAR,265,30,4.566666666666666
102012,VAR,266,30,4.58
102012,VAR,267,30,4.253333333333333
102012,VAR,268,30,4.21
102012,VAR,269,30,4.1866666666666665
102012,VAR,270,30,3.4466666666666668
102012,VAR,271,30,3.1666666666666665
102012,VAR,272,30,3.356666666666667
102012,VAR,273,30,3.12
102012,VAR,274,30,3.0100000000000002
102012,VAR,275,30,2.7199999999999998
102012,VAR,276,30,2.5433333333333334
102012,VAR,277,30,2.2533333333333334
102012,VAR,278,30,2.066666666666667
102012,VAR,279,30,2.54
102012,VAR,280,30,2.66
102012,VAR,281,30,2.493333333333333
102012,VAR,282,30,2.013333333333333
102012,VAR,283,30,1.0766666666666667
102012,VAR,284,30,0.9400000000000001
102012,VAR,285,30,0.21999999999999997
102012,VAR,286,29,0.4103448275862069
102012,VAR,287,30,0.07333333333333329
102012,VAR,288,30,-0.3833333333333333
102012,VAR,289,30,-0.7733333333333334
102012,VAR,290,30,-1.31
102012,VAR,291,30,-1.6366666666666667
102012,VAR,292,29,-2.7724137931034485
102012,VAR,293,30,-3.033333333333333
102012,VAR,294,30,-3.19
102012,VAR,295,30,-2.9766666666666666
102012,VAR,296,30,-2.91
102012,VAR,297,30,-3.28
102012,VAR,298,30,-2.6166666666666667
102012,VAR,299,30,-2.3233333333333333
102012,VAR,300,30,-2.723333333333333
102012,VAR,301,30,-2.4699999999999998
102012,VAR,302,30,-2.4266666666666667
102012,VAR,303,30,-3.91
102012,VAR,304,30,-4.076666666666667
102012,VAR,305,30,-4.16
102012,VAR,306,30,-4.093333333333334
102012,VAR,307,30,-4.12
102012,VAR,308,30,-4.193333333333333
102012,VAR,309,30,-4.3933333333333335
102012,VAR,310,30,-4.476666666666667
102012,VAR,311,30,-4.476666666666667
102012,VAR,312,30,-5.14
102012,VAR,313,30,-5.3966666666666665
102012,VAR,314,30,-5.47
102012,VAR,315,30,-4.84
102012,VAR,316,30,-4.55
102012,VAR,317,30,-4.42
102012,VAR,318,30,-6.113333333333333
102012,VAR,319,30,-6.036666666666666
102012,VAR,320,30,-5.656666666666666
102012,VAR,321,30,-6.263333333333334
102012,VAR,322,30,-6.266666666666667
102012,VAR,323,30,-5.986666666666666
102012,VAR,324,30,-6.736666666666666
102012,VAR,325,29,-6.610344827586207
102012,VAR,326,29,-6.9206896551724135
102012,VAR,327,29,-6.041379310344827
102012,VAR,328,30,-5.8533333333333335
102012,VAR,329,30,-5.883333333333334
102012,VAR,330,30,-6.3933333333333335
102012,VAR,331,30,-6.076666666666667
102012,VAR,332,30,-6.53
102012,VAR,333,30,-7.04
102012,VAR,334,30,-7.176666666666667
102012,VAR,335,30,-6.166666666666667
102012,VAR,336,30,-6.31
102012,VAR,337,30,-6.326666666666667
102012,VAR,338,30,-7.303333333333334
102012,VAR,339,30,-7.456666666666667
102012,VAR,340,30,-7.71
102012,VAR,341,30,-7.656666666666666
102012,VAR,342,30,-6.52
102012,VAR,343,30,-5.93
102012,VAR,344,30,-5.713333333333333
102012,VAR,345,30,-5.6466666666666665
102012,VAR,346,30,-6.516666666666667
102012,VAR,347,30,-8.166666666666666
102012,VAR,348,30,-8.29
102012,VAR,349,30,-7.8966666666666665
102012,VAR,350,30,-7.6466666666666665
102012,VAR,351,30,-8.636666666666667
102012,VAR,352,30,-8.266666666666667
102012,VAR,353,30,-8.49
102012,VAR,354,30,-8.516666666666666
102012,VAR,355,30,-8.733333333333334
102012,VAR,356,30,-9.696666666666667
102012,VAR,357,30,-9.64
102012,VAR,358,30,-10.056666666666667
102012,VAR,359,30,-10.266666666666667
102012,VAR,360,30,-11.09
102012,VAR,361,30,-11.656666666666666
102012,VAR,362,30,-11.553333333333333
102012,VAR,363,30,-10.326666666666666
102012,VAR,364,30,-9.85
102012,VAR,365,30,-9.3533333333333335
102012,VAR,366,8,-7.55
102016,MAL,1,29,-10.2
102016,MAL,2,30,-10.11
102016,MAL,3,30,-11.043333333333333
102016,MAL,4,30,-12.063333333333333
102016,MAL,5,30,-13.066666666666666
102016,MAL,6,30,-12.386666666666667
102016,MAL,7,30,-10.606666666666667
102016,MAL,8,30,-9.78
102016,MAL,9,30,-10.38
102016,MAL,10,30,-11.13
102016,MAL,11,30,-11.413333333333334
102016,MAL,12,30,-12.206666666666667
102016,MAL,13,30,-11.556666666666667
102016,MAL,14,30,-12.463333333333333
102016,MAL,15,30,-11.446666666666667
102016,MAL,16,30,-9.906666666666666
102016,MAL,17,30,-9.763333333333334
102016,MAL,18,30,-11.58
102016,MAL,19,30,-13.549999999999999
102016,MAL,20,30,-14.973333333333333
102016,MAL,21,30,-13.39
102016,MAL,22,30,-12.106666666666667
102016,MAL,23,30,-14
102016,MAL,24,30,-15.13
102016,MAL,25,30,-13.799999999999999
102016,MAL,26,30,-12.973333333333333
102016,MAL,27,30,-12.876666666666667
102016,MAL,28,30,-13.336666666666666
102016,MAL,29,30,-13.906666666666666
102016,MAL,30,30,-13.706666666666667
102016,MAL,31,30,-13.616666666666667
102016,MAL,32,30,-12.886666666666667
102016,MAL,33,30,-13.18
102016,MAL,34,30,-13.93
102016,MAL,35,30,-14.346666666666666
102016,MAL,36,30,-13.906666666666666
102016,MAL,37,30,-15.17
102016,MAL,38,30,-15.946666666666667
102016,MAL,39,30,-14.193333333333333
102016,MAL,40,30,-13.653333333333332
102016,MAL,41,30,-12.446666666666667
102016,MAL,42,30,-11.683333333333334
102016,MAL,43,30,-9.803333333333333
102016,MAL,44,30,-10.22
102016,MAL,45,30,-11.703333333333333
102016,MAL,46,30,-11.38
102016,MAL,47,30,-10.536666666666667
102016,MAL,48,30,-11.386666666666667
102016,MAL,49,30,-11.966666666666667
102016,MAL,50,30,-13.94
102016,MAL,51,30,-13.913333333333334
102016,MAL,52,30,-12.183333333333334
102016,MAL,53,30,-11.213333333333333
102016,MAL,54,30,-10.44
102016,MAL,55,30,-10.336666666666666
102016,MAL,56,30,-11.156666666666666
102016,MAL,57,30,-10.523333333333333
102016,MAL,58,30,-10.796666666666667
102016,MAL,59,30,-12.046666666666667
102016,MAL,60,30,-10.993333333333334
102016,MAL,61,30,-11.026666666666667
102016,MAL,62,30,-11.926666666666668
102016,MAL,63,30,-13.106666666666667
102016,MAL,64,30,-13.076666666666666
102016,MAL,65,30,-11.56
102016,MAL,66,30,-10.243333333333334
102016,MAL,67,30,-9.033333333333333
102016,MAL,68,30,-8.453333333333333
102016,MAL,69,30,-7.973333333333334
102016,MAL,70,30,-8.83
102016,MAL,71,30,-9.156666666666666
102016,MAL,72,30,-8.836666666666666
102016,MAL,73,30,-7.71
102016,MAL,74,30,-8.663333333333334
102016,MAL,75,30,-8.033333333333333
102016,MAL,76,30,-7.996666666666667
102016,MAL,77,30,-7.876666666666667
102016,MAL,78,30,-8.573333333333334
102016,MAL,79,30,-8.98
102016,MAL,80,30,-8.903333333333332
102016,MAL,81,30,-8.716666666666667
102016,MAL,82,30,-7.706666666666667
102016,MAL,83,30,-7.76
102016,MAL,84,30,-8.343333333333334
102016,MAL,85,30,-6.846666666666667
102016,MAL,86,30,-7.123333333333333
102016,MAL,87,30,-6.4
102016,MAL,88,30,-6.903333333333333
102016,MAL,89,30,-7.12
102016,MAL,90,30,-6.833333333333333
102016,MAL,91,30,-6.66
102016,MAL,92,30,-6.5600000000000005
102016,MAL,93,30,-6.516666666666667
102016,MAL,94,30,-6.766666666666667
102016,MAL,95,30,-6.653333333333333
102016,MAL,96,30,-5.84
102016,MAL,97,30,-5.92
102016,MAL,98,30,-5.986666666666666
102016,MAL,99,30,-4.883333333333334
102016,MAL,100,30,-4.773333333333333
102016,MAL,101,30,-4.223333333333334
102016,MAL,102,30,-3.966666666666667
102016,MAL,103,30,-3.1866666666666665
102016,MAL,104,30,-3.33
102016,MAL,105,30,-3.1799999999999997
102016,MAL,106,30,-3.3833333333333333
102016,MAL,107,30,-4.476666666666667
102016,MAL,108,30,-3.5166666666666666
102016,MAL,109,30,-2.77
102016,MAL,110,30,-1.9933333333333334
102016,MAL,111,30,-2.0866666666666664
102016,MAL,112,30,-2.4066666666666667
102016,MAL,113,30,-1.5433333333333334
102016,MAL,114,30,-1.48
102016,MAL,115,30,-0.84
102016,MAL,116,30,-0.4733333333333333
102016,MAL,117,30,-0.6366666666666666
102016,MAL,118,30,-0.7566666666666667
102016,MAL,119,30,-0.77
102016,MAL,120,30,-0.7999999999999999
102016,MAL,121,30,-0.4833333333333333
102016,MAL,122,30,-0.41
102016,MAL,123,30,-0.5033333333333333
102016,MAL,124,30,0.16999999999999998
102016,MAL,125,30,0.19000000000000003
102016,MAL,126,30,0.68
102016,MAL,127,30,1.0999999999999999
102016,MAL,128,30,1.2366666666666666
102016,MAL,129,30,1.1266666666666667
102016,MAL,130,30,1.45
102016,MAL,131,30,1.1966666666666668
102016,MAL,132,30,1.0533333333333332
102016,MAL,133,30,1
102016,MAL,134,30,1.33
102016,MAL,135,30,1.16
102016,MAL,136,30,1.82
102016,MAL,137,30,2.26
102016,MAL,138,30,2.473333333333333
102016,MAL,139,30,2.86
102016,MAL,140,30,3.4333333333333336
102016,MAL,141,30,3.486666666666667
102016,MAL,142,30,3.716666666666667
102016,MAL,143,30,3.6233333333333335
102016,MAL,144,30,3.7133333333333334
102016,MAL,145,30,3.7466666666666666
102016,MAL,146,30,3.77
102016,MAL,147,30,4.086666666666667
102016,MAL,148,30,4.993333333333333
102016,MAL,149,30,5.023333333333333
102016,MAL,150,30,5.36
102016,MAL,151,30,5.52
102016,MAL,152,30,5.426666666666667
102016,MAL,153,30,5.503333333333333
102016,MAL,154,30,5.913333333333333
102016,MAL,155,30,5.763333333333334
102016,MAL,156,30,5.996666666666667
102016,MAL,157,30,6.416666666666667
102016,MAL,158,30,6.8133333333333335
102016,MAL,159,30,6.97
102016,MAL,160,30,6.983333333333333
102016,MAL,161,30,6.6033333333333335
102016,MAL,162,30,6.586666666666667
102016,MAL,163,30,7.196666666666666
102016,MAL,164,30,7.83
102016,MAL,165,30,8.03
102016,MAL,166,30,7.496666666666667
102016,MAL,167,30,6.966666666666667
102016,MAL,168,30,6.8933333333333335
102016,MAL,169,30,7.816666666666666
102016,MAL,170,30,8.226666666666667
102016,MAL,171,30,8.09
102016,MAL,172,30,8.433333333333334
102016,MAL,173,30,9.116666666666667
102016,MAL,174,30,9.383333333333333
102016,MAL,175,30,9.459999999999999
102016,MAL,176,30,9.416666666666666
102016,MAL,177,30,8.95
102016,MAL,178,30,9.153333333333332
102016,MAL,179,30,9.39
102016,MAL,180,30,10.02
102016,MAL,181,30,10.283333333333333
102016,MAL,182,30,10.42
102016,MAL,183,30,11.016666666666667
102016,MAL,184,30,10.16
102016,MAL,185,30,9.8533333333333335
102016,MAL,186,30,10.383333333333333
102016,MAL,187,30,10.290000000000001
102016,MAL,188,30,10.583333333333334
102016,MAL,189,30,10.643333333333333
102016,MAL,190,30,11.363333333333333
102016,MAL,191,30,11.31
102016,MAL,192,30,11.076666666666666
102016,MAL,193,30,12.1
102016,MAL,194,30,12.05
102016,MAL,195,30,11.946666666666667
102016,MAL,196,30,12.763333333333334
102016,MAL,197,30,12.07
102016,MAL,198,30,11.883333333333333
102016,MAL,199,30,11.66
102016,MAL,200,30,11.986666666666666
102016,MAL,201,30,11.65
102016,MAL,202,30,11.540000000000001
102016,MAL,203,30,11.92
102016,MAL,204,30,12
102016,MAL,205,30,12.193333333333333
102016,MAL,206,30,12.613333333333333
102016,MAL,207,30,12.09
102016,MAL,208,30,12.696666666666667
102016,MAL,209,30,12.71
102016,MAL,210,30,12.513333333333334
102016,MAL,211,30,12.496666666666666
102016,MAL,212,30,12.913333333333334
102016,MAL,213,30,12.393333333333333
102016,MAL,214,30,11.936666666666667
102016,MAL,215,30,12.06
102016,MAL,216,30,11.63
102016,MAL,217,30,11.613333333333333
102016,MAL,218,30,11.596666666666666
102016,MAL,219,30,11.67
102016,MAL,220,30,11.5
102016,MAL,221,30,10.97
102016,MAL,222,30,10.383333333333333
102016,MAL,223,30,10.52
102016,MAL,224,30,10.416666666666666
102016,MAL,225,30,10.386666666666667
102016,MAL,226,30,10.166666666666666
102016,MAL,227,30,9.913333333333334
102016,MAL,228,30,10.006666666666666
102016,MAL,229,30,9.846666666666668
102016,MAL,230,30,9.6466666666666665
102016,MAL,231,30,9.606666666666667
102016,MAL,232,30,9.583333333333334
102016,MAL,233,30,9.51
102016,MAL,234,30,10.1
102016,MAL,235,30,9.796666666666667
102016,MAL,236,30,9.173333333333334
102016,MAL,237,30,8.913333333333334
102016,MAL,238,30,9.1466666666666665
102016,MAL,239,30,9.17
102016,MAL,240,30,8.57
102016,MAL,241,30,8.57
102016,MAL,242,30,8.62
102016,MAL,243,30,7.963333333333333
102016,MAL,244,30,8.066666666666666
102016,MAL,245,30,8.63
102016,MAL,246,30,8.503333333333334
102016,MAL,247,30,8.05
102016,MAL,248,30,7.886666666666667
102016,MAL,249,30,7.3966666666666665
102016,MAL,250,30,6.66
102016,MAL,251,30,6.633333333333334
102016,MAL,252,30,7.22
102016,MAL,253,30,7.296666666666667
102016,MAL,254,30,7.6
102016,MAL,255,30,7.283333333333333
102016,MAL,256,30,6.55
102016,MAL,257,30,5.9399999999999995
102016,MAL,258,30,5.933333333333334
102016,MAL,259,30,5.533333333333333
102016,MAL,260,30,5.333333333333333
102016,MAL,261,30,4.956666666666667
102016,MAL,262,30,4.823333333333333
102016,MAL,263,30,4.58
102016,MAL,264,30,4.626666666666667
102016,MAL,265,30,4.836666666666667
102016,MAL,266,30,4.17
102016,MAL,267,30,4
102016,MAL,268,30,3.9833333333333334
102016,MAL,269,30,3.67
102016,MAL,270,30,3.5566666666666666
102016,MAL,271,30,2.8033333333333332
102016,MAL,272,30,2.723333333333333
102016,MAL,273,30,2.77
102016,MAL,274,30,2.6633333333333336
102016,MAL,275,30,2.55
102016,MAL,276,30,2.4033333333333333
102016,MAL,277,30,2.243333333333333
102016,MAL,278,30,2.243333333333333
102016,MAL,279,30,2.57
102016,MAL,280,30,2.9166666666666665
102016,MAL,281,30,1.99
102016,MAL,282,30,1.4366666666666668
102016,MAL,283,30,1.0733333333333333
102016,MAL,284,30,1.29
102016,MAL,285,30,0.9033333333333333
102016,MAL,286,30,0.7166666666666667
102016,MAL,287,30,0.5366666666666666
102016,MAL,288,30,0.36
102016,MAL,289,30,-0.47333333333333333
102016,MAL,290,30,-0.97
102016,MAL,291,30,-1.6
102016,MAL,292,30,-3.046666666666667
102016,MAL,293,30,-3.02
102016,MAL,294,30,-1.9333333333333333
102016,MAL,295,30,-2.2
102016,MAL,296,30,-2.6666666666666665
102016,MAL,297,30,-2.48
102016,MAL,298,30,-2.2399999999999998
102016,MAL,299,30,-2.45
102016,MAL,300,30,-2.38
102016,MAL,301,30,-2.5733333333333333
102016,MAL,302,30,-2.97
102016,MAL,303,30,-4.346666666666667
102016,MAL,304,30,-4.69
102016,MAL,305,30,-4.333333333333333
102016,MAL,306,30,-3.84
102016,MAL,307,30,-3.4366666666666665
102016,MAL,308,30,-3.64
102016,MAL,309,30,-3.7399999999999998
102016,MAL,310,30,-4.206666666666667
102016,MAL,311,30,-5.3
102016,MAL,312,30,-5.816666666666666
102016,MAL,313,30,-6.316666666666666
102016,MAL,314,30,-5.843333333333334
102016,MAL,315,30,-5.116666666666666
102016,MAL,316,30,-4.673333333333334
102016,MAL,317,30,-5.8533333333333335
102016,MAL,318,30,-6.413333333333333
102016,MAL,319,30,-6.693333333333333
102016,MAL,320,30,-6.973333333333334
102016,MAL,321,30,-6.8566666666666665
102016,MAL,322,30,-6.44
102016,MAL,323,30,-7
102016,MAL,324,30,-7.44
102016,MAL,325,30,-8.046666666666667
102016,MAL,326,30,-7.92
102016,MAL,327,30,-7.903333333333333
102016,MAL,328,30,-7.8566666666666665
102016,MAL,329,30,-7.726666666666667
102016,MAL,330,30,-8.533333333333333
102016,MAL,331,30,-8.706666666666667
102016,MAL,332,30,-9.03
102016,MAL,333,30,-9.513333333333334
102016,MAL,334,30,-7.863333333333333
102016,MAL,335,30,-7.42
102016,MAL,336,30,-6.456666666666667
102016,MAL,337,30,-7.96
102016,MAL,338,30,-7.84
102016,MAL,339,30,-7.256666666666667
102016,MAL,340,30,-9.53
102016,MAL,341,30,-10.573333333333334
102016,MAL,342,30,-11.17
102016,MAL,343,30,-9.333333333333334
102016,MAL,344,30,-7.656666666666666
102016,MAL,345,30,-7.676666666666667
102016,MAL,346,30,-7.9799999999999995
102016,MAL,347,30,-8.943333333333333
102016,MAL,348,30,-9.506666666666666
102016,MAL,349,30,-8.959999999999999
102016,MAL,350,30,-9.030000000000001
102016,MAL,351,30,-8.89
102016,MAL,352,30,-8.85
102016,MAL,353,30,-9.49
102016,MAL,354,30,-10.046666666666667
102016,MAL,355,30,-10.85
102016,MAL,356,30,-12.406666666666666
102016,MAL,357,30,-14.326666666666666
102016,MAL,358,30,-12.3
102016,MAL,359,30,-11.726666666666667
102016,MAL,360,30,-12.866666666666667
102016,MAL,361,30,-14.32
102016,MAL,362,30,-13.273333333333333
102016,MAL,363,30,-12.176666666666666
102016,MAL,364,30,-11.816666666666666
102016,MAL,365,30,-11.636666666666667
102016,MAL,366,8,-6.875
102017,AIL,1,26,-9.730769230769232
102017,AIL,2,28,-9.9
102017,AIL,3,27,-10.011111111111111
102017,AIL,4,28,-10.535714285714286
102017,AIL,5,28,-10.725
102017,AIL,6,28,-10.639285714285714
102017,AIL,7,28,-9.657142857142857
102017,AIL,8,29,-9.124137931034483
102017,AIL,9,29,-8.996551724137932
102017,AIL,10,29,-9.824137931034484
102017,AIL,11,28,-9.767857142857142
102017,AIL,12,29,-10.110344827586207
102017,AIL,13,29,-11.189655172413794
102017,AIL,14,29,-10.706896551724139
102017,AIL,15,29,-10.296551724137931
102017,AIL,16,28,-10.092857142857143
102017,AIL,17,28,-9.803571428571429
102017,AIL,18,29,-10.920689655172414
102017,AIL,19,28,-11.425
102017,AIL,20,29,-11.83448275862069
102017,AIL,21,28,-10.9
102017,AIL,22,28,-10.425
102017,AIL,23,28,-11.242857142857142
102017,AIL,24,28,-11.5
102017,AIL,25,27,-11.118518518518519
102017,AIL,26,29,-10.572413793103449
102017,AIL,27,27,-11.38888888888889
102017,AIL,28,28,-12.214285714285714
102017,AIL,29,28,-12.685714285714285
102017,AIL,30,27,-12.4
102017,AIL,31,27,-11.996296296296297
102017,AIL,32,28,-11.67142857142857
102017,AIL,33,27,-12.47037037037037
102017,AIL,34,28,-11.917857142857143
102017,AIL,35,27,-12.42962962962963
102017,AIL,36,28,-13.507142857142856
102017,AIL,37,27,-13.522222222222222
102017,AIL,38,28,-12.060714285714285
102017,AIL,39,28,-11.232142857142858
102017,AIL,40,28,-10.635714285714286
102017,AIL,41,29,-10.76206896551724
102017,AIL,42,28,-9.303571428571429
102017,AIL,43,27,-8.77037037037037
102017,AIL,44,28,-9.253571428571428
102017,AIL,45,28,-9.467857142857143
102017,AIL,46,28,-9.521428571428572
102017,AIL,47,28,-9.8
102017,AIL,48,28,-10.753571428571428
102017,AIL,49,28,-11.392857142857142
102017,AIL,50,29,-11.065517241379311
102017,AIL,51,29,-11.196551724137931
102017,AIL,52,29,-10.379310344827585
102017,AIL,53,28,-10.54642857142857
102017,AIL,54,29,-11.048275862068966
102017,AIL,55,29,-11.337931034482759
102017,AIL,56,29,-11.044827586206896
102017,AIL,57,28,-9.92142857142857
102017,AIL,58,29,-10.417241379310346
102017,AIL,59,29,-11.327586206896552
102017,AIL,60,28,-10.7
102017,AIL,61,29,-10.775862068965518
102017,AIL,62,28,-11.04642857142857
102017,AIL,63,28,-11.064285714285715
102017,AIL,64,28,-10.992857142857142
102017,AIL,65,27,-10.38888888888889
102017,AIL,66,28,-10.039285714285715
102017,AIL,67,28,-9.960714285714285
102017,AIL,68,28,-9.532142857142857
102017,AIL,69,27,-9.088888888888889
102017,AIL,70,28,-8.964285714285714
102017,AIL,71,27,-8.874074074074073
102017,AIL,72,27,-8.977777777777778
102017,AIL,73,26,-8.096153846153847
102017,AIL,74,26,-8.88076923076923
102017,AIL,75,27,-8.533333333333333
102017,AIL,76,27,-8.6
102017,AIL,77,28,-9.5
102017,AIL,78,28,-9.7
102017,AIL,79,27,-9.907407407407407
102017,AIL,80,27,-9.88888888888889
102017,AIL,81,27,-9.992592592592592
102017,AIL,82,27,-8.877777777777778
102017,AIL,83,28,-9.235714285714286
102017,AIL,84,27,-9.692592592592593
102017,AIL,85,27,-9.722222222222223
102017,AIL,86,29,-9.044827586206896
102017,AIL,87,27,-7.9148148148148145
102017,AIL,88,28,-8.789285714285715
102017,AIL,89,29,-8.73793103448276
102017,AIL,90,28,-8.675
102017,AIL,91,29,-8.179310344827586
102017,AIL,92,29,-7.858620689655172
102017,AIL,93,28,-8.54642857142857
102017,AIL,94,29,-8.248275862068965
102017,AIL,95,29,-8.062068965517241
102017,AIL,96,29,-8.13448275862069
102017,AIL,97,29,-8.410344827586206
102017,AIL,98,29,-8.137931034482758
102017,AIL,99,29,-7.396551724137931
102017,AIL,100,29,-7.268965517241379
102017,AIL,101,29,-7.020689655172414
102017,AIL,102,27,-5.825925925925926
102017,AIL,103,28,-5.928571428571429
102017,AIL,104,29,-6.73448275862069
102017,AIL,105,27,-6.196296296296296
102017,AIL,106,27,-5.5962962962962965
102017,AIL,107,29,-6.320689655172414
102017,AIL,108,28,-5.375
102017,AIL,109,28,-5.296428571428572
102017,AIL,110,27,-4.722222222222222
102017,AIL,111,28,-5.010714285714286
102017,AIL,112,29,-5.341379310344828
102017,AIL,113,28,-4.896428571428571
102017,AIL,114,29,-4.4206896551724135
102017,AIL,115,28,-3.6142857142857143
102017,AIL,116,29,-3.727586206896552
102017,AIL,117,29,-4.2379310344827585
102017,AIL,118,28,-4.453571428571428
102017,AIL,119,28,-4.246428571428571
102017,AIL,120,28,-4.239285714285714
102017,AIL,121,28,-4.192857142857143
102017,AIL,122,27,-4.055555555555555
102017,AIL,123,27,-3.859259259259259
102017,AIL,124,27,-3.444444444444444
102017,AIL,125,26,-3.0615384615384613
102017,AIL,126,25,-3.18
102017,AIL,127,25,-2.572
102017,AIL,128,27,-2.403703703703704
102017,AIL,129,26,-2.330769230769231
102017,AIL,130,26,-2.2615384615384615
102017,AIL,131,28,-2.8714285714285714
102017,AIL,132,28,-3.1392857142857142
102017,AIL,133,28,-3.0892857142857144
102017,AIL,134,28,-2.4714285714285715
102017,AIL,135,28,-2.617857142857143
102017,AIL,136,28,-1.8964285714285714
102017,AIL,137,28,-1.5214285714285714
102017,AIL,138,28,-0.9821428571428572
102017,AIL,139,28,-0.575
102017,AIL,140,28,-0.057142857142857176
102017,AIL,141,28,-0.18214285714285713
102017,AIL,142,28,0.19285714285714284
102017,AIL,143,28,-2.5734312994066652e-17
102017,AIL,144,28,0.16785714285714284
102017,AIL,145,28,0.14285714285714285
102017,AIL,146,28,-0.03571428571428573
102017,AIL,147,28,0.4642857142857143
102017,AIL,148,28,1.417857142857143
102017,AIL,149,28,1.8285714285714285
102017,AIL,150,28,2.1785714285714284
102017,AIL,151,28,2.2535714285714286
102017,AIL,152,28,2.460714285714286
102017,AIL,153,29,2.279310344827586
102017,AIL,154,28,2.4357142857142855
102017,AIL,155,26,2.3346153846153848
102017,AIL,156,27,2.3703703703703702
102017,AIL,157,27,2.9074074074074074
102017,AIL,158,27,3.7111111111111112
102017,AIL,159,27,3.9592592592592593
102017,AIL,160,27,4.022222222222222
102017,AIL,161,27,3.6296296296296298
102017,AIL,162,28,3.392857142857143
102017,AIL,163,28,3.8964285714285714
102017,AIL,164,28,4.635714285714286
102017,AIL,165,28,4.975
102017,AIL,166,27,4.218518518518518
102017,AIL,167,28,3.039285714285714
102017,AIL,168,28,3.017857142857143
102017,AIL,169,28,3.9571428571428573
102017,AIL,170,28,4.303571428571429
102017,AIL,171,28,4.378571428571428
102017,AIL,172,28,4.803571428571429
102017,AIL,173,28,5.335714285714285
102017,AIL,174,28,5.925
102017,AIL,175,27,6.181481481481481
102017,AIL,176,28,5.6571428571428575
102017,AIL,177,27,5.6
102017,AIL,178,28,5.671428571428572
102017,AIL,179,28,6.078571428571428
102017,AIL,180,28,6.689285714285714
102017,AIL,181,27,7.040740740740741
102017,AIL,182,28,7.2178571428571425
102017,AIL,183,29,7.675862068965517
102017,AIL,184,29,7.1
102017,AIL,185,28,6.614285714285714
102017,AIL,186,29,7.055172413793104
102017,AIL,187,29,6.813793103448276
102017,AIL,188,29,7.179310344827586
102017,AIL,189,29,7.175862068965517
102017,AIL,190,29,7.982758620689655
102017,AIL,191,29,8.206896551724139
102017,AIL,192,29,8.051724137931034
102017,AIL,193,29,9.062068965517241
102017,AIL,194,29,8.686206896551724
102017,AIL,195,29,8.748275862068965
102017,AIL,196,29,9.427586206896551
102017,AIL,197,29,8.858620689655172
102017,AIL,198,28,8.471428571428572
102017,AIL,199,28,8.207142857142857
102017,AIL,200,28,8.32857142857143
102017,AIL,201,28,8.357142857142858
102017,AIL,202,28,8.264285714285714
102017,AIL,203,28,9.032142857142857
102017,AIL,204,27,9.07037037037037
102017,AIL,205,27,9.307407407407407
102017,AIL,206,27,9.77037037037037
102017,AIL,207,27,9.455555555555556
102017,AIL,208,27,10.02962962962963
102017,AIL,209,27,10.062962962962963
102017,AIL,210,27,9.462962962962964
102017,AIL,211,27,9.922222222222222
102017,AIL,212,27,10.177777777777777
102017,AIL,213,27,9.385185185185184
102017,AIL,214,27,8.874074074074073
102017,AIL,215,27,8.648148148148147
102017,AIL,216,28,8.335714285714285
102017,AIL,217,28,8.392857142857142
102017,AIL,218,28,8.346428571428572
102017,AIL,219,27,8.27037037037037
102017,AIL,220,27,8.185185185185185
102017,AIL,221,27,7.566666666666666
102017,AIL,222,26,6.88076923076923
102017,AIL,223,27,7.407407407407407
102017,AIL,224,28,7.185714285714286
102017,AIL,225,28,6.953571428571428
102017,AIL,226,28,6.853571428571429
102017,AIL,227,28,6.614285714285714
102017,AIL,228,28,6.610714285714286
102017,AIL,229,28,6.7178571428571425
102017,AIL,230,29,6.417241379310345
102017,AIL,231,29,6.044827586206897
102017,AIL,232,29,6.2620689655172415
102017,AIL,233,29,6.424137931034482
102017,AIL,234,29,6.9862068965517246
102017,AIL,235,28,6.5321428571428575
102017,AIL,236,29,5.872413793103449
102017,AIL,237,29,5.675862068965517
102017,AIL,238,26,6.0346153846153845
102017,AIL,239,29,5.627586206896551
102017,AIL,240,29,4.872413793103449
102017,AIL,241,29,4.73448275862069
102017,AIL,242,28,4.860714285714286
102017,AIL,243,28,4.725
102017,AIL,244,29,4.858620689655172
102017,AIL,245,29,4.872413793103449
102017,AIL,246,29,4.768965517241379
102017,AIL,247,29,4.689655172413793
102017,AIL,248,29,4.451724137931034
102017,AIL,249,29,3.96551724137931
102017,AIL,250,29,3.182758620689655
102017,AIL,251,29,3.3448275862068964
102017,AIL,252,27,3.9148148148148145
102017,AIL,253,29,4.027586206896552
102017,AIL,254,29,4.36551724137931
102017,AIL,255,29,3.8482758620689657
102017,AIL,256,29,3.0172413793103448
102017,AIL,257,29,2.7379310344827585
102017,AIL,258,29,2.6482758620689655
102017,AIL,259,29,2.410344827586207
102017,AIL,260,29,2.0448275862068965
102017,AIL,261,29,1.717241379310345
102017,AIL,262,29,1.6724137931034482
102017,AIL,263,28,1.5142857142857142
102017,AIL,264,28,1.1964285714285714
102017,AIL,265,29,1.1896551724137931
102017,AIL,266,29,0.8999999999999999
102017,AIL,267,29,0.36896551724137927
102017,AIL,268,29,0.13448275862068965
102017,AIL,269,29,-0.0034482758620689503
102017,AIL,270,29,0.10344827586206899
102017,AIL,271,29,0.0827586206896552
102017,AIL,272,29,-0.0758620689655172
102017,AIL,273,29,-0.34827586206896555
102017,AIL,274,29,-0.5551724137931034
102017,AIL,275,29,-0.6379310344827587
102017,AIL,276,30,-1.1466666666666667
102017,AIL,277,30,-1.53
102017,AIL,278,30,-1.29
102017,AIL,279,29,-0.6172413793103448
102017,AIL,280,28,-0.39642857142857146
102017,AIL,281,28,-1.3821428571428571
102017,AIL,282,29,-1.9241379310344828
102017,AIL,283,29,-2.106896551724138
102017,AIL,284,29,-1.7137931034482758
102017,AIL,285,29,-2.2862068965517244
102017,AIL,286,29,-2.5965517241379312
102017,AIL,287,30,-3.0433333333333334
102017,AIL,288,30,-3.006666666666667
102017,AIL,289,30,-3.29
102017,AIL,290,29,-3.586206896551724
102017,AIL,291,28,-4.178571428571429
102017,AIL,292,28,-5.821428571428571
102017,AIL,293,29,-5.382758620689655
102017,AIL,294,29,-4.751724137931035
102017,AIL,295,30,-4.946666666666666
102017,AIL,296,30,-5.026666666666666
102017,AIL,297,30,-5.243333333333333
102017,AIL,298,30,-4.71
102017,AIL,299,30,-4.843333333333334
102017,AIL,300,30,-4.96
102017,AIL,301,30,-5.4
102017,AIL,302,30,-4.963333333333333
102017,AIL,303,30,-5.876666666666667
102017,AIL,304,30,-6.386666666666667
102017,AIL,305,30,-6.066666666666666
102017,AIL,306,29,-6.651724137931034
102017,AIL,307,29,-5.979310344827586
102017,AIL,308,29,-6.124137931034483
102017,AIL,309,29,-5.9206896551724135
102017,AIL,310,29,-6.313793103448276
102017,AIL,311,29,-7.134482758620689
102017,AIL,312,29,-6.624137931034483
102017,AIL,313,30,-6.82
102017,AIL,314,29,-6.424137931034482
102017,AIL,315,30,-7.383333333333333
102017,AIL,316,29,-6.627586206896551
102017,AIL,317,28,-6.632142857142857
102017,AIL,318,28,-7.789285714285715
102017,AIL,319,29,-7.517241379310344
102017,AIL,320,29,-6.4206896551724135
102017,AIL,321,29,-6.548275862068966
102017,AIL,322,28,-6.689285714285714
102017,AIL,323,27,-6.766666666666667
102017,AIL,324,28,-7.410714285714286
102017,AIL,325,28,-6.732142857142857
102017,AIL,326,29,-6.8068965517241375
102017,AIL,327,30,-7.06
102017,AIL,328,30,-7.78
102017,AIL,329,30,-7.583333333333333
102017,AIL,330,30,-8.096666666666666
102017,AIL,331,28,-7.732142857142857
102017,AIL,332,29,-8.182758620689656
102017,AIL,333,30,-8.8
102017,AIL,334,30,-8.246666666666666
102017,AIL,335,30,-7.866666666666667
102017,AIL,336,29,-7.431034482758621
102017,AIL,337,30,-7.22
102017,AIL,338,29,-8.144827586206896
102017,AIL,339,30,-8.633333333333333
102017,AIL,340,29,-8.672413793103448
102017,AIL,341,29,-8.137931034482758
102017,AIL,342,30,-8.07
102017,AIL,343,29,-8.26896551724138
102017,AIL,344,30,-7.846666666666667
102017,AIL,345,29,-7.182758620689655
102017,AIL,346,29,-7.603448275862069
102017,AIL,347,29,-9.03448275862069
102017,AIL,348,29,-8.513793103448275
102017,AIL,349,29,-8.596551724137932
102017,AIL,350,29,-8.427586206896551
102017,AIL,351,28,-9.425
102017,AIL,352,28,-9.407142857142857
102017,AIL,353,28,-9.964285714285715
102017,AIL,354,28,-9.5
102017,AIL,355,28,-9.814285714285715
102017,AIL,356,29,-10.572413793103449
102017,AIL,357,28,-10.17142857142857
102017,AIL,358,29,-9.641379310344828
102017,AIL,359,28,-9.653571428571428
102017,AIL,360,28,-10.789285714285715
102017,AIL,361,28,-11.54642857142857
102017,AIL,362,28,-11.814285714285715
102017,AIL,363,29,-10.796551724137931
102017,AIL,364,28,-10.625
102017,AIL,365,28,-9.82857142857143
102017,AIL,366,8,-8.9375
